,lon,lat,age,plate_id,recon_lon,recon_lat,distance,sub_idx,trench_lon,trench_lat,conv_rate,conv_angle,trench_abs_rate,trench_abs_angle,arc_len,trench_norm,subducting_pid,trench_pid,dist_nearest_edge,dist_from_start,conv_ortho,conv_paral,trench_abs_ortho,trench_abs_paral,subducting_abs_rate,subducting_abs_angle,subducting_abs_ortho,subducting_abs_paral,seafloor_age,subduction_volume_km3y,carbonate_sediment_thickness,total_sediment_thick,ocean_crust_carb_percent,label
0,-66.28,-27.37,6.0,202.0,-65.22,-27.064,0.083,899.0,-70.5,-26.45,10.88,-14.88,1.86,156.6,0.2,95.96,911.0,201.0,25.77,25.77,10.51,-2.79,-1.71,0.74,-9.04,-13.09,8.81,-2.05,60.37,0.18,28.71,131.95,2.15,SA_Porphyries
1,-69.75,-30.5,12.0,202.0,-67.521,-29.967,0.039,921.0,-70.12,-29.79,11.88,-12.51,2.56,177.24,0.2,95.91,911.0,201.0,22.38,22.38,11.6,-2.57,-2.55,0.12,-9.37,-15.11,9.05,-2.44,63.65,0.21,16.71,135.08,2.24,SA_Porphyries
2,-66.65,-27.27,9.0,202.0,-65.06,-26.818,0.077,937.0,-69.97,-26.3,10.87,-14.77,1.85,157.04,0.2,96.0,911.0,201.0,25.6,25.6,10.51,-2.77,-1.71,0.72,-9.04,-13.05,8.81,-2.04,73.67,0.2,20.21,143.37,2.45,SA_Porphyries
3,-66.61,-27.33,8.0,202.0,-65.196,-26.926,0.078,915.0,-70.15,-26.35,10.87,-14.81,1.86,156.89,0.2,95.99,911.0,201.0,25.65,25.65,10.51,-2.78,-1.71,0.73,-9.04,-13.07,8.81,-2.04,71.03,0.2,17.86,141.67,2.45,SA_Porphyries
4,-66.55,-27.4,7.0,202.0,-65.313,-27.044,0.079,904.0,-70.33,-26.4,10.88,-14.85,1.86,156.74,0.2,95.97,911.0,201.0,25.71,25.71,10.51,-2.79,-1.71,0.73,-9.04,-13.08,8.81,-2.05,65.0,0.19,24.59,136.41,2.15,SA_Porphyries
5,-67.9,-26.3,14.0,202.0,-65.15100000000001,-25.788,0.057,1049.0,-68.7,-25.28,11.94,-12.55,2.62,177.25,0.2,95.82,911.0,201.0,31.46,31.46,11.65,-2.59,-2.61,0.13,-9.37,-15.24,9.04,-2.46,72.28,0.22,8.7,142.28,2.42,SA_Porphyries
6,-70.05,-31.95,13.0,202.0,-67.556,-31.427,0.037000000000000005,1009.0,-70.02,-31.19,11.85,-12.38,2.53,177.35,0.2,95.94,911.0,201.0,26.0,26.0,11.58,-2.54,-2.53,0.12,-9.37,-14.96,9.05,-2.42,60.95,0.2,17.68,132.44,2.24,SA_Porphyries
7,-66.6,-24.13,13.0,202.0,-64.116,-23.61,0.07400000000000001,1066.0,-68.75,-23.32,11.94,-12.71,2.64,177.14,0.2,95.78,911.0,201.0,33.97,33.97,11.64,-2.63,-2.64,0.13,-9.34,-15.44,9.01,-2.49,86.62,0.23,6.53,151.0,2.57,SA_Porphyries
8,-70.45,-31.76,10.0,202.0,-68.678,-31.252,0.031,914.0,-70.72,-31.0,10.85,-14.33,1.89,161.43,0.2,96.03,911.0,201.0,21.65,21.65,10.51,-2.69,-1.79,0.6,-8.97,-13.4,8.72,-2.08,60.21,0.18,23.61,135.09,2.12,SA_Porphyries
9,-66.76,-25.14,15.0,202.0,-63.756,-24.636999999999997,0.073,1005.0,-68.34,-24.32,12.81,-22.39,2.63,177.39,0.2,95.73,911.0,201.0,31.9,31.9,11.85,-4.88,-2.62,0.12,-10.38,-27.23,9.23,-4.75,77.18,0.23,7.71,146.31,2.57,SA_Porphyries
10,-67.75,-29.0,4.0,202.0,-67.041,-28.791999999999998,0.066,872.0,-71.28,-28.01,9.02,-26.42,1.85,147.02,0.19,104.99,911.0,201.0,23.92,23.92,8.08,-4.01,-1.55,1.01,-7.19,-24.67,6.53,-3.0,49.25,0.12,38.48,119.04,2.2,SA_Porphyries
11,-65.87,-24.2,15.0,202.0,-62.871,-23.697,0.086,1015.0,-68.23,-23.34,12.75,-22.5,2.64,177.4,0.2,95.69,911.0,201.0,32.87,32.87,11.78,-4.88,-2.64,0.12,-10.31,-27.42,9.15,-4.75,83.18,0.23,7.71,149.49,2.56,SA_Porphyries
12,-69.08,-32.42,14.0,202.0,-66.325,-31.908,0.052000000000000005,1004.0,-69.83,-31.79,11.84,-12.24,2.52,177.47,0.2,95.93,911.0,201.0,24.85,24.85,11.57,-2.51,-2.52,0.11,-9.37,-14.8,9.06,-2.39,58.44,0.2,19.76,133.46,2.22,SA_Porphyries
13,-70.47,-37.43,45.0,2901.0,-58.81100000000001,-38.23,0.054000000000000006,1067.0,-62.71,-37.71,1.77,-10.24,2.47,-179.54,0.19,103.86,902.0,201.0,22.93,22.93,1.74,-0.31,-2.47,-0.02,0.81,-153.84,-0.73,-0.36,33.65,0.02,0.0,96.13,1.89,SA_Porphyries
14,-69.97,-32.57,9.0,2901.0,-68.378,-32.111,0.039,899.0,-71.02,-32.04,10.7,-14.62,1.75,155.87,0.2,96.08,911.0,201.0,19.77,19.77,10.36,-2.7,-1.6,0.72,-8.98,-12.72,8.76,-1.98,54.95,0.17,25.6,125.97,2.13,SA_Porphyries
15,-67.78,-24.57,29.0,202.0,-60.998999999999995,-24.554000000000002,0.055999999999999994,908.0,-64.52,-24.26,12.17,-19.57,2.84,-172.89,0.2,94.99,902.0,201.0,30.86,30.86,11.47,-4.08,-2.82,-0.35,-9.73,-27.14,8.66,-4.44,90.02,0.23,19.75,152.7,2.25,SA_Porphyries
16,-67.73,-24.58,31.0,202.0,-60.388999999999996,-24.669,0.057,1097.0,-63.96,-24.37,12.43,-19.57,2.93,-171.84,0.2,94.88,902.0,201.0,30.39,30.39,11.71,-4.16,-2.9,-0.42,-9.94,-27.5,8.82,-4.59,107.66,0.25,22.89,160.01,2.66,SA_Porphyries
17,-67.48,-16.92,23.0,201.0,-62.416000000000004,-16.609,0.08199999999999999,976.0,-66.57,-19.17,9.85,14.76,2.89,-134.57,0.2,56.06,911.0,201.0,30.89,37.85,9.52,2.51,-2.02,-2.06,-7.52,3.42,7.5,0.45,83.06,0.19,7.69,149.26,2.51,SA_Porphyries
18,-66.6,-18.44,21.0,201.0,-62.066,-18.029,0.084,998.0,-66.88,-19.57,11.97,11.77,2.88,-148.1,0.18,69.4,911.0,201.0,31.44,38.2,11.72,2.44,-2.45,-1.52,-9.31,5.67,9.27,0.92,80.23,0.21,7.73,147.64,2.56,SA_Porphyries
19,-66.45,-20.95,13.0,201.0,-63.963,-20.43,0.077,1081.0,-68.58,-21.32,11.92,4.52,2.66,-165.6,0.18,78.47,911.0,201.0,33.37,35.98,11.88,0.94,-2.58,-0.66,-9.31,1.75,9.31,0.28,73.62,0.2,6.53,144.0,2.57,SA_Porphyries
20,-66.03,-20.91,16.0,201.0,-62.776,-20.416,0.084,1112.0,-67.81,-21.35,12.61,-5.21,2.66,-165.22,0.18,78.34,911.0,201.0,33.37,34.37,12.56,-1.14,-2.57,-0.68,-10.15,-10.26,9.99,-1.81,70.04,0.21,8.69,140.88,2.57,SA_Porphyries
21,-66.79,-18.14,20.0,201.0,-62.523999999999994,-17.688,0.083,979.0,-67.15,-19.52,12.01,10.95,2.85,-149.05,0.18,69.45,911.0,201.0,31.44,34.06,11.79,2.28,-2.45,-1.47,-9.38,5.01,9.35,0.82,80.73,0.21,6.27,147.93,2.56,SA_Porphyries
22,-67.13,-17.95,15.0,201.0,-64.13,-17.447,0.079,990.0,-68.56,-19.12,12.44,3.27,2.68,-156.61,0.18,69.71,911.0,201.0,31.08,37.17,12.42,0.71,-2.46,-1.06,-9.96,-1.96,9.96,-0.34,74.03,0.22,10.04,142.44,2.58,SA_Porphyries
23,-66.19,-20.63,16.0,201.0,-62.93600000000001,-20.136,0.08199999999999999,1108.0,-67.85,-21.18,12.6,-5.21,2.66,-165.23,0.18,78.35,911.0,201.0,33.2,34.55,12.55,-1.14,-2.57,-0.68,-10.14,-10.28,9.97,-1.81,70.04,0.21,8.69,140.88,2.57,SA_Porphyries
24,-66.36,-20.48,16.0,201.0,-63.105,-19.986,0.08,1101.0,-67.92,-20.83,12.57,-5.22,2.66,-165.24,0.18,78.38,911.0,201.0,32.84,34.9,12.52,-1.14,-2.57,-0.68,-10.11,-10.31,9.94,-1.81,70.04,0.21,9.43,140.88,2.57,SA_Porphyries
25,-69.17,-23.16,44.0,202.0,-58.22,-23.885,0.032,1148.0,-60.23,-23.84,4.71,3.77,2.61,-170.7,0.18,93.44,902.0,201.0,34.61,37.14,4.7,0.31,-2.58,-0.42,-2.13,-3.64,2.12,-0.13,88.52,0.09,25.25,152.03,2.55,SA_Porphyries
26,-69.23,-27.87,14.0,202.0,-66.475,-27.358,0.04,1037.0,-68.96,-26.8,11.93,-21.42,2.6,168.35,0.19,104.79,911.0,201.0,29.92,29.92,11.1,-4.36,-2.54,0.52,-9.38,-24.07,8.56,-3.82,67.13,0.19,10.77,138.23,2.36,SA_Porphyries
27,-69.26,-20.04,52.0,201.0,-56.523,-20.62,0.034,1188.0,-58.53,-21.09,5.67,21.15,2.53,162.15,0.17,86.97,902.0,201.0,31.98,44.09,5.29,2.05,-2.41,0.77,-4.02,44.27,2.88,2.8,79.9,0.09,28.94,147.48,2.51,SA_Porphyries
28,-69.08,-24.13,37.0,202.0,-60.003,-24.522,0.035,1157.0,-62.2,-24.47,9.49,8.78,3.01,-175.41,0.2,94.71,902.0,201.0,35.58,37.1,9.38,1.45,-3.0,-0.24,-6.49,10.48,6.38,1.18,98.5,0.19,11.63,156.31,2.6,SA_Porphyries
29,-68.9,-22.28,33.0,201.0,-61.038999999999994,-22.500999999999998,0.035,1114.0,-63.23,-22.45,10.05,6.39,3.05,-174.82,0.18,93.78,902.0,201.0,31.94,31.94,9.99,1.12,-3.04,-0.28,-7.0,6.71,6.96,0.82,101.31,0.19,15.64,157.43,2.6,SA_Porphyries
30,-68.71,-20.96,32.0,201.0,-61.153,-21.121,0.040999999999999995,1102.0,-63.59,-21.69,12.74,-1.96,2.95,-154.56,0.18,77.54,902.0,201.0,32.9,32.9,12.73,-0.44,-2.67,-1.27,-10.21,-9.66,10.07,-1.71,103.52,0.24,18.73,158.13,2.61,SA_Porphyries
31,-68.74,-21.95,36.0,201.0,-60.00100000000001,-22.294,0.038,1174.0,-62.34,-22.4,10.02,9.34,3.06,-174.75,0.18,93.75,902.0,201.0,33.55,39.27,9.89,1.63,-3.05,-0.28,-6.97,10.9,6.84,1.32,97.67,0.19,12.22,155.98,2.58,SA_Porphyries
32,-68.89,-20.92,35.0,201.0,-60.467,-21.224,0.038,1163.0,-62.77,-21.66,10.17,25.4,3.07,-158.67,0.18,77.47,902.0,201.0,32.84,40.13,9.19,4.36,-2.86,-1.12,-7.11,26.94,6.34,3.22,99.06,0.17,12.74,156.54,2.59,SA_Porphyries
33,-70.3,-33.15,5.0,2901.0,-69.41199999999999,-32.89,0.035,853.0,-71.78,-32.63,10.7,-14.8,1.76,155.18,0.2,96.06,911.0,201.0,19.33,19.33,10.34,-2.73,-1.6,0.74,-8.97,-12.8,8.75,-1.99,40.29,0.15,54.34,111.18,2.13,SA_Porphyries
34,-69.72,-18.29,14.0,201.0,-66.96600000000001,-17.778,0.038,1039.0,-68.9,-18.94,11.88,26.84,2.68,-143.45,0.2,56.48,911.0,201.0,30.89,37.91,10.6,5.37,-2.15,-1.6,-9.25,24.08,8.45,3.78,75.16,0.2,9.16,144.44,2.59,SA_Porphyries
35,-69.55,-26.25,42.0,202.0,-59.028,-26.88300000000001,0.031,1119.0,-61.0,-26.85,8.27,-26.5,2.59,-171.61,0.2,94.62,902.0,201.0,34.27,34.27,7.4,-3.69,-2.57,-0.38,-6.33,-40.21,4.83,-4.09,94.74,0.15,20.22,154.78,2.58,SA_Porphyries
36,-69.08,-22.99,29.0,202.0,-62.321999999999996,-22.991,0.033,920.0,-64.38,-22.75,12.34,-18.38,2.85,-172.02,0.18,94.03,902.0,201.0,32.38,32.38,11.71,-3.89,-2.83,-0.4,-9.88,-25.8,8.89,-4.3,94.18,0.22,19.75,154.48,2.25,SA_Porphyries
37,-70.46,-34.09,5.0,2901.0,-69.57300000000001,-33.83,0.036000000000000004,849.0,-71.94,-33.19,10.67,-29.46,1.75,140.36,0.19,110.76,911.0,201.0,18.75,18.75,9.29,-5.25,-1.35,1.12,-8.96,-27.44,7.95,-4.13,40.29,0.13,54.34,106.59,2.13,SA_Porphyries
38,-69.06,-22.97,41.0,202.0,-58.867,-23.545,0.034,1143.0,-60.97,-23.51,8.8,-23.51,2.61,-170.79,0.18,93.67,902.0,201.0,34.44,37.68,8.07,-3.51,-2.58,-0.42,-6.77,-35.69,5.5,-3.95,93.36,0.15,18.32,154.19,2.57,SA_Porphyries
39,-68.82,-23.41,42.0,202.0,-58.365,-24.029,0.038,1145.0,-60.75,-23.93,8.76,-24.9,2.61,-171.66,0.2,94.51,902.0,201.0,34.8,37.2,7.95,-3.69,-2.58,-0.38,-6.75,-37.28,5.37,-4.09,91.85,0.16,20.22,153.54,2.56,SA_Porphyries
40,-69.87,-26.77,63.0,202.0,-55.115,-26.859,0.027000000000000003,1283.0,-56.81,-26.67,4.42,-8.56,1.16,-171.83,0.2,95.12,902.0,201.0,36.75,36.75,4.37,-0.66,-1.14,-0.16,-3.34,-14.26,3.23,-0.82,69.75,0.08,27.41,140.49,2.48,SA_Porphyries
41,-69.08,-24.2,38.0,202.0,-59.707,-24.635,0.035,1159.0,-61.91,-24.51,9.51,8.61,3.01,-175.24,0.2,94.71,902.0,201.0,35.58,36.96,9.4,1.42,-3.0,-0.25,-6.5,10.15,6.4,1.15,98.3,0.19,13.48,156.23,2.6,SA_Porphyries
42,-69.88,-28.63,34.0,202.0,-61.596000000000004,-28.908,0.033,1080.0,-63.73,-28.53,8.27,1.33,2.92,175.25,0.19,103.88,902.0,201.0,33.29,33.29,8.26,0.19,-2.91,0.24,-5.37,4.34,5.35,0.41,107.36,0.17,18.74,159.89,2.7,SA_Porphyries
43,-69.28,-27.27,22.0,202.0,-64.404,-26.921999999999997,0.037000000000000005,978.0,-66.74,-26.61,11.79,-23.25,2.81,177.34,0.19,104.35,911.0,201.0,30.68,30.68,10.84,-4.66,-2.81,0.13,-9.22,-29.4,8.03,-4.52,78.72,0.2,7.69,146.73,2.56,SA_Porphyries
44,-69.08,-20.18,31.0,201.0,-61.815,-20.29,0.036000000000000004,1091.0,-64.0,-20.6,12.88,-11.75,2.96,-164.68,0.17,87.57,902.0,201.0,31.98,34.19,12.61,-2.62,-2.86,-0.78,-10.34,-19.29,9.76,-3.42,104.31,0.23,21.46,158.63,2.61,SA_Porphyries
45,-69.03,-27.23,13.0,202.0,-66.538,-26.708000000000002,0.04,1041.0,-69.11,-26.42,11.93,-21.57,2.6,168.24,0.19,104.79,911.0,201.0,30.85,30.85,11.09,-4.38,-2.55,0.53,-9.37,-24.24,8.55,-3.85,69.51,0.2,9.3,140.22,2.43,SA_Porphyries
46,-69.51,-23.45,58.0,202.0,-55.488,-23.581999999999997,0.027000000000000003,1279.0,-57.17,-23.43,0.78,6.45,1.68,149.73,0.2,94.24,902.0,201.0,34.8,40.83,0.77,0.09,-1.45,0.85,1.15,126.5,-0.68,0.92,72.81,0.01,25.37,142.86,2.47,SA_Porphyries
47,-68.91,-22.38,34.0,201.0,-60.753,-22.643,0.035,1135.0,-62.94,-22.49,9.94,9.7,3.06,-175.09,0.18,93.77,902.0,201.0,33.73,39.38,9.79,1.67,-3.05,-0.26,-6.89,11.59,6.75,1.38,100.15,0.18,13.89,156.97,2.6,SA_Porphyries
48,-69.24,-22.56,64.0,201.0,-54.413999999999994,-22.675,0.03,1321.0,-56.29,-22.67,5.22,-6.28,1.4,-171.79,0.18,94.31,902.0,201.0,34.08,40.64,5.19,-0.57,-1.39,-0.2,-3.89,-11.43,3.81,-0.77,64.36,0.08,34.81,135.86,2.43,SA_Porphyries
49,-69.02,-27.17,13.0,202.0,-66.528,-26.648000000000003,0.040999999999999995,1042.0,-69.08,-26.24,11.93,-12.71,2.61,177.1,0.2,95.92,911.0,201.0,31.04,31.04,11.64,-2.63,-2.6,0.13,-9.37,-15.39,9.04,-2.49,69.51,0.21,9.3,140.22,2.43,SA_Porphyries
50,-68.97,-22.47,36.0,201.0,-60.222,-22.818,0.034,1171.0,-62.36,-22.75,9.92,9.43,3.05,-174.74,0.18,93.76,902.0,201.0,33.9,38.92,9.79,1.63,-3.04,-0.28,-6.88,11.04,6.75,1.32,98.63,0.18,12.22,156.36,2.59,SA_Porphyries
51,-69.12,-23.3,40.0,202.0,-59.178000000000004,-23.826,0.033,1152.0,-61.25,-23.82,8.78,-20.61,2.68,-171.92,0.2,94.67,902.0,201.0,34.8,37.44,8.21,-3.09,-2.65,-0.38,-6.57,-32.06,5.57,-3.49,94.83,0.17,21.54,154.81,2.58,SA_Porphyries
52,-69.42,-26.49,37.0,202.0,-60.295,-26.886999999999997,0.033,1136.0,-62.42,-26.8,8.85,9.42,2.96,-175.33,0.2,94.81,902.0,201.0,34.76,34.76,8.73,1.45,-2.95,-0.24,-5.9,11.54,5.78,1.18,101.41,0.18,17.98,157.49,2.65,SA_Porphyries
53,-68.8,-21.0,36.0,201.0,-60.08,-21.345,0.039,1163.0,-62.43,-21.88,10.15,25.36,3.07,-158.48,0.18,77.45,902.0,201.0,33.02,39.81,9.17,4.35,-2.85,-1.13,-7.09,26.8,6.33,3.2,97.67,0.17,12.22,155.98,2.58,SA_Porphyries
54,-68.97,-19.87,36.0,201.0,-60.273,-20.218,0.039,1145.0,-62.61,-20.68,10.45,33.59,3.09,-149.77,0.18,68.68,902.0,201.0,31.8,41.02,8.71,5.78,-2.67,-1.56,-7.36,34.78,6.05,4.2,96.7,0.17,14.14,155.58,2.57,SA_Porphyries
55,-69.27,-27.38,23.0,202.0,-64.11399999999999,-27.081,0.037000000000000005,981.0,-66.46,-26.66,9.16,-34.96,2.81,177.48,0.19,104.3,911.0,201.0,30.23,30.23,7.51,-5.25,-2.81,0.12,-6.96,-47.52,4.7,-5.13,79.59,0.14,5.82,147.28,2.56,SA_Porphyries
56,-70.3,-28.5,64.0,202.0,-55.416000000000004,-28.623,0.027000000000000003,1267.0,-57.12,-28.35,4.05,-18.76,1.05,-179.82,0.19,104.43,902.0,201.0,34.9,34.9,3.84,-1.3,-1.05,-0.0,-3.08,-25.1,2.79,-1.31,69.62,0.07,24.51,140.39,2.48,SA_Porphyries
57,-69.34,-22.88,64.0,202.0,-54.511,-22.996,0.028999999999999998,1319.0,-56.31,-22.85,5.19,-6.33,1.39,-171.73,0.18,94.32,902.0,201.0,34.26,40.46,5.16,-0.57,-1.37,-0.2,-3.86,-11.51,3.78,-0.77,64.36,0.08,34.81,135.86,2.43,SA_Porphyries
58,-69.3,-22.84,57.0,202.0,-55.442,-23.034000000000002,0.03,1285.0,-57.28,-22.96,1.01,11.63,1.68,150.71,0.18,93.34,902.0,201.0,34.26,41.52,0.99,0.2,-1.47,0.82,1.13,115.71,-0.49,1.02,71.45,0.02,25.03,141.78,2.46,SA_Porphyries
59,-68.95,-22.42,38.0,201.0,-59.614,-22.853,0.035,1173.0,-61.77,-22.84,9.96,9.11,3.05,-174.39,0.18,93.75,902.0,201.0,33.9,38.63,9.83,1.58,-3.03,-0.3,-6.91,10.42,6.8,1.25,96.53,0.18,11.82,155.51,2.58,SA_Porphyries
60,-68.64,-20.99,35.0,201.0,-60.215,-21.29,0.042,1167.0,-62.73,-21.84,10.13,25.52,3.07,-158.65,0.18,77.46,902.0,201.0,33.02,39.95,9.14,4.36,-2.86,-1.12,-7.07,27.1,6.29,3.22,99.06,0.17,12.74,156.54,2.59,SA_Porphyries
61,-70.23,-32.88,11.0,2901.0,-68.27,-32.336,0.036000000000000004,908.0,-70.68,-32.15,11.83,-12.72,2.52,177.07,0.2,96.11,911.0,201.0,19.82,19.82,11.54,-2.6,-2.51,0.13,-9.36,-15.3,9.02,-2.47,60.98,0.2,22.27,132.49,2.13,SA_Porphyries
62,-69.09,-24.24,39.0,202.0,-59.422,-24.72,0.035,1152.0,-61.62,-24.55,9.52,8.44,3.01,-175.06,0.2,94.7,902.0,201.0,35.58,36.81,9.42,1.4,-3.0,-0.26,-6.52,9.82,6.42,1.11,96.85,0.19,15.89,155.64,2.6,SA_Porphyries
63,-77.32,8.49,48.0,229.0,-75.793,6.785,0.064,602.0,-77.66,3.63,4.54,78.91,-4.54,70.6,0.2,11.97,902.0,2015.0,0.1,0.1,0.87,4.46,1.51,4.28,-9.06,75.52,2.27,8.77,58.78,0.02,5.28,142.52,2.46,SA_Porphyries
64,-76.75,7.05,55.0,201.0,-63.99100000000001,6.528,0.027999999999999997,861.0,-65.38,5.71,3.56,38.16,2.63,-171.95,0.17,62.18,224.0,201.0,0.54,75.44,2.8,2.2,-2.61,-0.37,-1.84,83.98,0.19,1.83,121.69,0.05,45.1,166.97,2.29,SA_Porphyries
65,-76.5,6.7,43.0,201.0,-66.46,5.8660000000000005,0.028999999999999998,826.0,-67.97,5.12,4.1,20.81,2.45,-145.1,0.12,71.15,224.0,201.0,0.85,71.03,3.83,1.46,-2.01,-1.4,-1.82,1.45,1.82,0.05,126.18,0.05,39.72,169.83,2.34,SA_Porphyries
66,-76.88,2.1,17.0,201.0,-73.421,2.555,0.043,615.0,-75.33,4.1,2.26,-15.11,2.64,151.01,0.19,123.52,224.0,201.0,3.45,63.79,2.19,-0.59,-2.31,1.28,0.7,100.17,-0.12,0.69,158.91,0.05,19.54,217.14,2.45,SA_Porphyries
67,-79.15,-1.67,20.0,201.0,-74.954,-1.281,0.04,596.0,-77.22,-0.94,11.35,-11.04,2.86,-172.28,0.12,94.44,911.0,201.0,9.15,56.36,11.14,-2.17,-2.83,-0.38,-8.69,-17.07,8.31,-2.55,52.56,0.11,22.01,123.25,2.11,SA_Porphyries
68,-79.12,-1.38,20.0,201.0,-74.926,-0.991,0.04,604.0,-77.12,-0.42,11.32,-22.41,2.85,176.41,0.14,105.76,911.0,201.0,8.62,56.88,10.46,-4.31,-2.85,0.18,-8.66,-28.47,7.62,-4.13,52.71,0.12,22.01,123.42,2.21,SA_Porphyries
69,-79.42,-2.93,11.0,201.0,-77.392,-2.376,0.038,592.0,-79.57,-2.15,11.01,-9.16,2.69,178.45,0.14,96.08,911.0,201.0,10.56,53.6,10.87,-1.75,-2.69,0.07,-8.35,-11.56,8.18,-1.67,37.34,0.11,41.04,102.19,2.04,SA_Porphyries
70,-79.33,-3.58,10.0,201.0,-77.49600000000002,-3.062,0.040999999999999995,565.0,-79.83,-2.75,10.45,-11.98,2.2,162.51,0.2,96.81,911.0,201.0,11.12,53.68,10.22,-2.17,-2.09,0.66,-8.27,-10.47,8.13,-1.5,29.54,0.13,69.32,89.82,1.95,SA_Porphyries
71,-79.68,-3.05,19.0,201.0,-75.718,-2.6439999999999997,0.034,512.0,-77.66,-2.48,10.2,-17.03,2.7,178.53,0.2,96.49,911.0,201.0,10.73,55.4,9.75,-2.99,-2.7,0.07,-7.63,-22.35,7.06,-2.9,51.15,0.16,27.18,121.49,2.07,SA_Porphyries
72,-78.58,0.33,7.0,201.0,-77.296,0.6970000000000001,0.037000000000000005,587.0,-79.24,1.57,10.11,-29.53,2.12,141.19,0.14,113.36,911.0,201.0,6.47,57.56,8.8,-4.98,-1.65,1.33,-8.03,-27.04,7.15,-3.65,26.61,0.07,86.72,85.01,1.96,SA_Porphyries
73,-80.0,-4.33,14.0,201.0,-77.244,-3.83,0.031,645.0,-79.03,-3.75,11.12,-9.27,2.7,178.03,0.2,96.69,911.0,201.0,12.11,56.69,10.97,-1.79,-2.7,0.09,-8.45,-11.55,8.28,-1.69,38.68,0.15,34.93,104.25,2.12,SA_Porphyries
74,-79.58,-4.2,14.0,201.0,-76.825,-3.699,0.038,657.0,-78.98,-3.36,11.09,-9.3,2.7,178.03,0.2,96.69,911.0,201.0,11.71,57.09,10.94,-1.79,-2.7,0.09,-8.42,-11.59,8.25,-1.69,39.29,0.15,34.49,105.17,2.12,SA_Porphyries
75,-79.13,-1.57,15.0,201.0,-76.139,-1.0859999999999999,0.04,631.0,-78.44,-0.95,10.04,-22.54,2.68,174.5,0.11,100.25,911.0,201.0,9.26,58.99,9.27,-3.85,-2.67,0.26,-7.51,-28.45,6.6,-3.58,44.28,0.08,27.45,112.41,2.1,SA_Porphyries
76,-77.9,-8.56,5.0,201.0,-76.985,-8.296,0.046,580.0,-79.17,-9.8,10.75,25.45,2.09,-164.45,0.2,58.5,911.0,201.0,18.33,45.54,9.7,4.62,-2.01,-0.56,-8.7,27.86,7.69,4.06,39.55,0.14,63.89,105.54,2.16,SA_Porphyries
77,-78.18,-8.17,10.0,201.0,-76.35,-7.653,0.045,644.0,-78.57,-9.05,10.78,25.95,2.18,-159.37,0.2,58.57,911.0,201.0,17.74,47.07,9.69,4.72,-2.04,-0.77,-8.61,27.33,7.65,3.95,50.43,0.15,44.87,120.63,2.13,SA_Porphyries
78,-71.35,-14.96,36.0,201.0,-62.748999999999995,-15.349,0.055999999999999994,1043.0,-65.15,-17.56,11.13,53.96,3.14,-126.27,0.19,45.09,902.0,201.0,27.81,45.01,6.55,9.0,-1.86,-2.53,-7.99,53.86,4.71,6.45,94.35,0.13,17.21,154.6,2.55,SA_Porphyries
79,-79.28,-6.08,15.0,201.0,-76.278,-5.597,0.040999999999999995,627.0,-78.5,-6.41,10.81,9.94,2.71,-153.99,0.19,68.71,911.0,201.0,14.84,53.42,10.65,1.87,-2.43,-1.19,-8.24,4.82,8.21,0.69,60.09,0.18,31.36,131.7,2.27,SA_Porphyries
80,-78.61,-6.76,11.0,201.0,-76.584,-6.206,0.048,628.0,-79.13,-7.23,11.37,17.99,2.71,-154.41,0.19,68.83,911.0,201.0,15.81,48.36,10.82,3.51,-2.44,-1.17,-8.69,15.67,8.37,2.35,46.41,0.16,68.65,112.09,2.12,SA_Porphyries
81,-76.25,-10.63,14.0,201.0,-73.488,-10.124,0.051,751.0,-75.96,-11.73,11.62,28.06,2.71,-143.94,0.2,58.14,911.0,201.0,20.87,47.93,10.26,5.47,-2.19,-1.6,-8.94,25.69,8.06,3.88,63.51,0.18,24.68,135.06,2.32,SA_Porphyries
82,-72.33,-14.03,36.0,201.0,-63.747,-14.436,0.059000000000000004,1039.0,-65.31,-17.45,11.15,74.18,3.14,-105.88,0.19,24.7,902.0,201.0,27.62,45.21,3.04,10.73,-0.86,-3.02,-8.01,74.01,2.21,7.7,94.35,0.06,17.21,154.6,2.55,SA_Porphyries
83,-71.36,-16.77,50.0,201.0,-59.177,-17.565,0.033,1127.0,-60.6,-18.92,6.01,50.67,2.58,-154.92,0.19,44.32,902.0,201.0,29.14,41.99,3.81,4.65,-2.34,-1.09,-3.84,67.32,1.48,3.54,79.69,0.07,30.62,148.22,2.5,SA_Porphyries
84,-71.77,-14.46,33.0,201.0,-64.056,-14.729000000000001,0.057999999999999996,998.0,-66.03,-17.43,11.18,51.58,3.13,-126.27,0.19,45.11,902.0,201.0,27.81,37.86,6.95,8.76,-1.85,-2.52,-8.06,50.56,5.12,6.22,98.17,0.14,12.99,156.17,2.56,SA_Porphyries
85,-71.26,-14.95,31.0,201.0,-64.08,-15.092,0.057,999.0,-66.57,-17.31,13.29,30.7,2.98,-121.87,0.19,45.22,902.0,201.0,27.81,38.36,11.43,6.79,-1.57,-2.53,-10.75,23.32,9.87,4.25,101.7,0.23,20.04,157.58,2.58,SA_Porphyries
86,-70.71,-17.05,51.0,201.0,-58.288000000000004,-17.748,0.038,1116.0,-59.79,-19.37,5.9,51.52,2.57,-154.79,0.19,44.14,902.0,201.0,29.9,46.2,3.67,4.62,-2.32,-1.09,-3.77,68.85,1.36,3.51,79.24,0.07,32.6,147.08,2.5,SA_Porphyries
87,-78.32,-7.02,17.0,201.0,-74.827,-6.57,0.051,565.0,-77.52,-7.71,10.97,10.47,2.71,-153.8,0.19,68.57,911.0,201.0,16.19,51.05,10.79,1.99,-2.43,-1.2,-8.39,5.54,8.35,0.81,65.7,0.19,37.1,137.11,2.59,SA_Porphyries
88,-79.12,-6.36,12.0,201.0,-76.84899999999998,-5.8229999999999995,0.042,618.0,-79.09,-6.71,11.34,18.22,2.71,-154.3,0.19,68.81,911.0,201.0,15.23,49.12,10.77,3.54,-2.44,-1.17,-8.66,15.92,8.32,2.37,50.05,0.17,56.94,120.31,2.12,SA_Porphyries
89,-78.58,-7.12,10.0,201.0,-76.749,-6.603,0.046,627.0,-79.18,-7.63,10.71,15.9,2.18,-169.57,0.19,68.81,911.0,201.0,16.19,48.61,10.3,2.93,-2.15,-0.4,-8.54,17.34,8.15,2.55,43.87,0.15,75.08,111.85,2.15,SA_Porphyries
90,-72.99,-14.46,36.0,201.0,-64.40100000000001,-14.876,0.047,1032.0,-65.5,-17.37,11.16,73.94,3.14,-105.94,0.19,24.75,902.0,201.0,27.42,45.4,3.09,10.73,-0.86,-3.02,-8.02,73.69,2.25,7.7,94.35,0.06,17.21,154.6,2.54,SA_Porphyries
91,-73.13,-14.16,32.0,201.0,-65.693,-14.39,0.05,924.0,-67.65,-16.56,13.38,31.55,2.98,-120.51,0.19,44.19,902.0,201.0,26.26,39.66,11.4,7.0,-1.51,-2.57,-10.84,24.1,9.9,4.43,99.27,0.23,20.56,156.78,2.57,SA_Porphyries
92,-77.77,-8.22,15.0,201.0,-74.764,-7.733,0.051,671.0,-77.28,-9.25,11.21,19.68,2.71,-143.87,0.2,58.38,911.0,201.0,17.94,50.32,10.55,3.78,-2.19,-1.6,-8.64,14.68,8.35,2.19,62.71,0.19,24.14,134.04,2.31,SA_Porphyries
93,-78.32,-7.3,20.0,201.0,-74.092,-6.9060000000000015,0.049,623.0,-76.71,-7.95,11.75,15.0,2.88,-146.48,0.19,68.44,911.0,201.0,16.39,49.12,11.35,3.04,-2.4,-1.59,-9.06,9.23,8.94,1.45,79.47,0.22,25.47,147.03,2.57,SA_Porphyries
94,-78.36,-6.91,16.0,201.0,-75.112,-6.442,0.051,732.0,-77.83,-7.51,10.95,10.15,2.71,-153.91,0.19,68.62,911.0,201.0,16.0,51.74,10.78,1.93,-2.44,-1.19,-8.38,5.14,8.34,0.75,61.16,0.19,41.3,132.77,2.29,SA_Porphyries
95,-69.66,-15.0,23.0,201.0,-64.608,-14.704,0.075,928.0,-67.87,-17.68,10.0,25.53,2.89,-123.66,0.19,45.37,911.0,201.0,28.95,39.79,9.02,4.31,-1.6,-2.41,-7.67,14.34,7.43,1.9,83.12,0.17,5.06,149.29,2.5,SA_Porphyries
96,-78.0,-8.79,15.0,201.0,-74.993,-8.304,0.042,678.0,-76.97,-9.75,11.28,19.56,2.71,-143.87,0.2,58.33,911.0,201.0,18.53,49.73,10.63,3.78,-2.19,-1.6,-8.71,14.56,8.43,2.19,62.45,0.19,24.14,134.04,2.31,SA_Porphyries
97,-76.08,-11.48,7.0,201.0,-74.80199999999998,-11.114,0.045,662.0,-77.03,-12.53,10.83,25.29,2.06,-164.02,0.2,58.16,911.0,201.0,21.66,42.37,9.79,4.63,-1.98,-0.57,-8.81,27.5,7.81,4.07,46.22,0.15,38.88,115.09,2.17,SA_Porphyries
98,-71.31,-14.98,38.0,201.0,-62.12300000000001,-15.455,0.055999999999999994,1050.0,-64.42,-17.78,11.14,53.89,3.13,-125.9,0.19,45.04,902.0,201.0,28.0,44.54,6.56,9.0,-1.84,-2.54,-8.0,53.61,4.75,6.44,92.06,0.13,29.6,154.06,2.54,SA_Porphyries
99,-79.31,-4.94,16.0,201.0,-76.068,-4.475,0.044000000000000004,679.0,-78.59,-4.18,10.48,-17.71,2.7,178.23,0.2,96.62,911.0,201.0,12.5,55.24,9.99,-3.19,-2.7,0.08,-7.91,-22.98,7.28,-3.09,43.62,0.15,27.02,111.4,2.09,SA_Porphyries
100,-78.67,-6.73,13.0,201.0,-76.155,-6.21,0.047,692.0,-78.64,-7.27,11.37,18.32,2.71,-154.21,0.19,68.75,911.0,201.0,15.81,53.55,10.79,3.57,-2.44,-1.18,-8.69,16.04,8.35,2.4,56.64,0.18,43.39,128.0,2.1,SA_Porphyries
101,-76.13,-11.6,8.0,201.0,-74.67,-11.184000000000001,0.043,674.0,-76.84,-12.48,10.83,25.33,2.06,-163.89,0.2,58.17,911.0,201.0,21.66,42.31,9.79,4.63,-1.98,-0.57,-8.8,27.52,7.81,4.07,48.4,0.15,35.85,118.03,2.14,SA_Porphyries
0,-72.97,-45.9,0.0,283.0,-72.97,-45.9,0.031,750.0,-75.55,-45.84,2.23,6.99,1.52,154.05,0.16,92.89,802.0,201.0,5.88,5.88,2.21,0.27,-1.37,0.67,-1.26,48.09,0.84,0.94,0.79,0.0,20.17,64.53,0.86,SA_Volcanics
1,-72.95,-40.71,0.0,283.0,-72.95,-40.71,0.028,781.0,-75.01,-40.51,8.89,-17.82,1.64,151.63,0.15,97.06,911.0,201.0,11.29,11.29,8.46,-2.72,-1.44,0.78,-7.29,-15.4,7.03,-1.94,20.52,0.07,99.9,73.42,1.49,SA_Volcanics
2,-72.95,-41.87,0.0,283.0,-72.95,-41.87,0.029,769.0,-75.19,-41.68,8.86,-17.54,1.61,151.51,0.17,96.83,911.0,201.0,10.11,10.11,8.45,-2.67,-1.42,0.77,-7.28,-15.07,7.03,-1.89,14.73,0.06,89.47,64.84,1.42,SA_Volcanics
3,-72.73899999999998,-46.179,0.0,28800.0,-72.73899999999998,-46.179,0.034,747.0,-75.56,-46.0,2.22,7.01,1.52,153.98,0.16,92.89,802.0,201.0,5.72,5.72,2.2,0.27,-1.36,0.67,-1.26,48.15,0.84,0.94,0.79,0.0,20.17,64.53,0.86,SA_Volcanics
4,-72.6,-42.72,0.0,283.0,-72.6,-42.72,0.035,762.0,-75.33,-42.55,8.83,-17.6,1.59,151.15,0.17,96.93,911.0,201.0,9.23,9.23,8.42,-2.67,-1.4,0.77,-7.27,-15.09,7.02,-1.89,13.64,0.06,89.47,63.52,1.4,SA_Volcanics
5,-72.6,-42.93,0.0,283.0,-72.6,-42.93,0.036000000000000004,761.0,-75.36,-42.7,8.83,-17.41,1.59,151.29,0.12,96.74,911.0,201.0,9.08,9.08,8.42,-2.64,-1.4,0.76,-7.27,-14.89,7.03,-1.87,13.64,0.04,89.47,63.52,1.4,SA_Volcanics
6,-72.53,-41.14,0.0,283.0,-72.53,-41.14,0.034,776.0,-75.06,-40.83,8.88,-18.7,1.63,150.65,0.18,97.96,911.0,201.0,10.97,10.97,8.41,-2.85,-1.42,0.8,-7.29,-16.27,6.99,-2.04,20.52,0.08,99.9,73.42,1.49,SA_Volcanics
7,-72.27,-41.3,0.0,283.0,-72.27,-41.3,0.038,775.0,-75.1,-41.0,8.88,-18.71,1.63,150.57,0.18,97.98,911.0,201.0,10.79,10.79,8.41,-2.85,-1.42,0.8,-7.28,-16.27,6.99,-2.04,20.52,0.08,99.9,73.42,1.49,SA_Volcanics
8,-72.0,-39.93,0.0,283.0,-72.0,-39.93,0.04,780.0,-75.01,-39.99,8.91,-9.13,1.65,160.46,0.18,88.38,911.0,201.0,11.81,11.81,8.79,-1.41,-1.55,0.55,-7.29,-6.72,7.24,-0.85,22.88,0.09,103.31,78.79,1.63,SA_Volcanics
9,-71.98,-39.31,0.0,283.0,-71.98,-39.31,0.039,791.0,-74.83,-38.93,8.93,-23.02,1.67,146.92,0.14,102.22,911.0,201.0,12.88,12.88,8.22,-3.49,-1.4,0.91,-7.29,-20.67,6.82,-2.57,26.92,0.07,107.08,85.84,1.73,SA_Volcanics
10,-71.82,-39.2,0.0,283.0,-71.82,-39.2,0.041,793.0,-74.74,-38.62,8.94,-24.45,1.68,145.61,0.17,103.61,911.0,201.0,13.21,13.21,8.14,-3.7,-1.38,0.95,-7.29,-22.12,6.76,-2.75,26.92,0.08,107.08,85.84,1.73,SA_Volcanics
11,-71.81,-39.27,0.0,283.0,-71.81,-39.27,0.041,792.0,-74.79,-38.78,8.93,-24.46,1.67,145.53,0.17,103.64,911.0,201.0,13.04,13.04,8.13,-3.7,-1.38,0.95,-7.29,-22.12,6.76,-2.75,26.92,0.08,107.08,85.84,1.73,SA_Volcanics
12,-71.62,-38.75,0.0,283.0,-71.62,-38.75,0.042,794.0,-74.69,-38.45,8.94,-24.44,1.68,145.68,0.17,103.58,911.0,201.0,13.37,13.37,8.14,-3.7,-1.39,0.95,-7.29,-22.12,6.76,-2.75,30.48,0.09,104.31,91.3,1.73,SA_Volcanics
13,-71.6,-38.4,0.0,283.0,-71.6,-38.4,0.042,796.0,-74.66,-38.29,8.95,-13.18,1.68,156.99,0.16,92.31,911.0,201.0,13.54,13.54,8.71,-2.04,-1.55,0.66,-7.29,-10.87,7.16,-1.38,30.48,0.09,104.31,91.3,1.73,SA_Volcanics
14,-71.27,-36.2,0.0,2901.0,-71.27,-36.2,0.038,818.0,-73.73,-35.39,9.0,-32.5,1.74,138.76,0.19,111.23,911.0,201.0,16.55,16.55,7.59,-4.83,-1.31,1.15,-7.28,-30.37,6.28,-3.68,34.05,0.1,92.18,97.02,1.9,SA_Volcanics
15,-70.85,-35.58,0.0,2901.0,-70.85,-35.58,0.04,823.0,-73.48,-34.86,9.0,-32.48,1.75,139.02,0.19,111.09,911.0,201.0,17.12,17.12,7.6,-4.83,-1.32,1.15,-7.28,-30.39,6.28,-3.68,36.18,0.1,92.18,100.35,1.9,SA_Volcanics
16,-70.83,-36.0,0.0,2901.0,-70.83,-36.0,0.042,819.0,-73.65,-35.21,9.0,-32.49,1.74,138.85,0.19,111.18,911.0,201.0,16.74,16.74,7.59,-4.83,-1.31,1.15,-7.28,-30.38,6.28,-3.68,34.05,0.1,92.18,97.02,1.9,SA_Volcanics
17,-70.67,-41.45,0.0,283.0,-70.67,-41.45,0.059,772.0,-75.13,-41.18,8.87,-18.72,1.62,150.5,0.18,98.0,911.0,201.0,10.61,10.61,8.4,-2.85,-1.41,0.8,-7.28,-16.28,6.99,-2.04,20.52,0.08,99.9,73.42,1.49,SA_Volcanics
18,-70.14,-41.77,0.0,283.0,-70.14,-41.77,0.066,770.0,-75.17,-41.52,8.86,-14.89,1.62,154.22,0.16,94.17,911.0,201.0,10.28,10.28,8.57,-2.28,-1.46,0.7,-7.28,-12.43,7.11,-1.57,14.73,0.06,89.47,64.84,1.42,SA_Volcanics
19,-70.05,-42.14,0.0,283.0,-70.05,-42.14,0.067,768.0,-75.22,-41.86,8.85,-17.55,1.61,151.44,0.17,96.85,911.0,201.0,9.93,9.93,8.44,-2.67,-1.41,0.77,-7.28,-15.08,7.03,-1.89,14.73,0.06,89.47,64.84,1.42,SA_Volcanics
20,-68.55199999999999,-21.911,0.0,201.0,-68.55199999999999,-21.911,0.041,919.0,-71.07,-22.02,8.97,-17.42,1.95,157.56,0.18,94.79,911.0,201.0,30.2,30.2,8.56,-2.69,-1.8,0.74,-7.03,-15.97,6.76,-1.93,53.13,0.13,37.23,123.9,2.22,SA_Volcanics
21,-68.517,-25.301,0.0,202.0,-68.517,-25.301,0.046,892.0,-71.38,-25.01,9.01,-18.24,1.91,156.11,0.2,95.82,911.0,201.0,27.19,27.19,8.56,-2.82,-1.75,0.77,-7.12,-16.66,6.82,-2.04,47.81,0.13,43.24,117.19,2.17,SA_Volcanics
22,-68.188,-21.288,0.0,201.0,-68.188,-21.288,0.048,918.0,-71.08,-21.84,8.97,-1.09,1.95,173.91,0.18,78.46,911.0,201.0,30.37,30.37,8.97,-0.17,-1.94,0.21,-7.02,0.37,7.02,0.04,53.13,0.13,37.23,123.9,2.22,SA_Volcanics
23,-69.0,-37.1,1.0,2901.0,-68.82300000000001,-37.047,0.073,810.0,-73.72,-35.68,8.99,-32.37,1.73,138.72,0.19,111.33,911.0,201.0,16.18,16.18,7.59,-4.81,-1.3,1.14,-7.29,-30.2,6.3,-3.67,35.42,0.1,89.99,99.18,1.9,SA_Volcanics
24,-68.295,-21.319000000000006,1.0,201.0,-68.115,-21.266,0.046,913.0,-70.9,-21.79,8.96,-0.94,1.95,174.05,0.18,78.47,911.0,201.0,30.37,30.37,8.96,-0.15,-1.94,0.2,-7.02,0.52,7.02,0.06,54.13,0.13,32.75,125.1,2.22,SA_Volcanics
25,-73.17,-45.1,2.0,283.0,-72.814,-44.994,0.031,723.0,-75.27,-45.37,8.72,5.38,1.52,173.0,0.14,74.32,911.0,201.0,6.25,6.25,8.68,0.82,-1.51,0.19,-7.25,8.02,7.17,1.01,7.48,0.04,38.72,79.31,0.67,SA_Volcanics
26,-72.97,-45.9,2.0,283.0,-72.615,-45.794,0.031,730.0,-75.19,-45.73,8.71,-13.26,1.51,154.28,0.16,92.89,911.0,201.0,5.88,5.88,8.47,-2.0,-1.36,0.66,-7.24,-10.62,7.12,-1.33,1.95,0.02,13.64,65.47,0.8,SA_Volcanics
27,-72.88,-44.08,2.0,283.0,-72.524,-43.974,0.034,729.0,-75.2,-43.56,8.79,-23.29,1.56,144.94,0.2,103.02,911.0,201.0,8.11,8.11,8.07,-3.47,-1.28,0.9,-7.27,-20.72,6.8,-2.57,13.3,0.07,85.57,61.63,1.14,SA_Volcanics
28,-72.6,-41.01,2.0,283.0,-72.244,-40.904,0.033,756.0,-74.7,-40.72,8.88,-18.37,1.62,150.89,0.18,97.96,911.0,201.0,10.97,10.97,8.43,-2.8,-1.42,0.79,-7.29,-15.94,7.01,-2.0,17.9,0.07,92.4,75.05,1.55,SA_Volcanics
29,-72.53,-44.3,2.0,283.0,-72.175,-44.194,0.039,722.0,-75.28,-43.83,8.78,-22.13,1.56,145.98,0.12,101.9,911.0,201.0,7.83,7.83,8.13,-3.31,-1.29,0.87,-7.27,-19.54,6.85,-2.43,13.3,0.04,85.57,61.63,1.14,SA_Volcanics
30,-72.225,-41.3,2.0,283.0,-71.869,-41.194,0.038,755.0,-74.74,-40.9,8.87,-18.38,1.62,150.81,0.18,97.99,911.0,201.0,10.79,10.79,8.42,-2.8,-1.41,0.79,-7.29,-15.94,7.01,-2.0,17.9,0.07,92.4,75.05,1.55,SA_Volcanics
31,-72.12,-40.59,2.0,283.0,-71.764,-40.484,0.038,761.0,-74.65,-40.41,8.89,-17.49,1.63,151.88,0.15,97.07,911.0,201.0,11.29,11.29,8.48,-2.67,-1.44,0.77,-7.29,-15.07,7.04,-1.9,21.66,0.07,95.91,75.05,1.6,SA_Volcanics
32,-72.0,-40.35,2.0,283.0,-71.64399999999998,-40.244,0.04,764.0,-74.64,-40.24,8.89,-8.81,1.63,160.61,0.18,88.38,911.0,201.0,11.45,11.45,8.79,-1.36,-1.54,0.54,-7.29,-6.4,7.25,-0.81,21.66,0.08,95.91,75.05,1.6,SA_Volcanics
33,-71.95,-39.42,2.0,283.0,-71.594,-39.314,0.04,771.0,-74.47,-38.82,8.93,-22.7,1.66,147.16,0.14,102.23,911.0,201.0,12.88,12.88,8.24,-3.44,-1.4,0.9,-7.3,-20.34,6.84,-2.54,24.23,0.06,99.84,80.99,1.65,SA_Volcanics
34,-71.8,-37.38,2.0,2901.0,-71.444,-37.274,0.036000000000000004,787.0,-73.95,-36.71,8.97,-26.19,1.7,144.43,0.19,105.5,911.0,201.0,15.05,15.05,8.05,-3.96,-1.39,0.99,-7.29,-23.95,6.67,-2.96,32.37,0.1,83.9,94.33,1.82,SA_Volcanics
35,-71.6,-38.4,2.0,283.0,-71.244,-38.294,0.042,776.0,-74.3,-38.19,8.94,-12.86,1.67,157.24,0.16,92.32,911.0,201.0,13.54,13.54,8.72,-1.99,-1.54,0.65,-7.3,-10.54,7.17,-1.33,31.22,0.09,106.28,91.29,1.68,SA_Volcanics
36,-71.27,-36.2,2.0,2901.0,-70.914,-36.094,0.038,798.0,-73.37,-35.28,8.99,-32.19,1.73,139.02,0.19,111.24,911.0,201.0,16.55,16.55,7.61,-4.79,-1.31,1.13,-7.29,-30.05,6.31,-3.65,35.58,0.1,79.87,99.42,1.93,SA_Volcanics
37,-71.0,-36.0,2.0,2901.0,-70.64399999999998,-35.894,0.04,799.0,-73.29,-35.1,8.99,-32.18,1.73,139.11,0.19,111.19,911.0,201.0,16.74,16.74,7.61,-4.79,-1.31,1.13,-7.29,-30.06,6.31,-3.65,35.58,0.1,79.87,99.42,1.93,SA_Volcanics
38,-70.85,-35.58,2.0,2901.0,-70.494,-35.47400000000001,0.04,803.0,-73.12,-34.75,9.0,-32.16,1.74,139.28,0.19,111.1,911.0,201.0,17.12,17.12,7.62,-4.79,-1.32,1.13,-7.28,-30.07,6.3,-3.65,35.58,0.1,79.87,99.42,1.93,SA_Volcanics
39,-70.778,-44.717,2.0,283.0,-70.42699999999998,-44.611,0.061,726.0,-75.23,-45.49,8.72,0.65,1.52,168.25,0.11,79.02,911.0,201.0,6.13,6.13,8.72,0.1,-1.48,0.31,-7.24,3.28,7.23,0.41,7.48,0.03,13.64,79.31,0.8,SA_Volcanics
40,-70.67399999999998,-46.59,2.0,28800.0,-70.32300000000001,-46.485,0.06,725.0,-75.23,-46.07,8.69,-20.38,1.5,147.03,0.19,100.02,911.0,201.0,5.55,5.55,8.15,-3.03,-1.26,0.82,-7.23,-17.73,6.89,-2.2,1.95,0.02,13.64,65.47,0.8,SA_Volcanics
41,-70.67,-35.6,2.0,2901.0,-70.314,-35.494,0.042,804.0,-73.04,-34.58,9.0,-32.15,1.74,139.37,0.19,111.05,911.0,201.0,17.31,17.31,7.62,-4.79,-1.32,1.13,-7.28,-30.07,6.3,-3.65,35.58,0.1,79.87,99.42,1.93,SA_Volcanics
42,-70.593,-35.952,2.0,2901.0,-70.238,-35.846,0.045,801.0,-73.21,-34.93,9.0,-32.17,1.74,139.2,0.19,111.15,911.0,201.0,16.93,16.93,7.61,-4.79,-1.31,1.13,-7.28,-30.06,6.3,-3.65,35.58,0.1,79.87,99.42,1.93,SA_Volcanics
43,-70.57,-35.24,2.0,2901.0,-70.214,-35.134,0.041,807.0,-72.88,-34.23,9.0,-32.14,1.75,139.54,0.19,110.96,911.0,201.0,17.68,17.68,7.62,-4.79,-1.33,1.13,-7.28,-30.08,6.3,-3.65,36.38,0.1,70.37,100.67,2.0,SA_Volcanics
44,-70.5,-35.0,2.0,2901.0,-70.14399999999999,-34.894,0.041,809.0,-72.8,-34.05,9.01,-32.13,1.75,139.62,0.19,110.91,911.0,201.0,17.87,17.87,7.63,-4.79,-1.33,1.13,-7.28,-30.09,6.3,-3.65,36.38,0.1,70.37,100.67,2.0,SA_Volcanics
45,-70.432,-42.058,2.0,283.0,-70.079,-41.952,0.062,749.0,-74.83,-41.58,8.85,-17.22,1.6,151.75,0.17,96.84,911.0,201.0,10.11,10.11,8.46,-2.62,-1.41,0.76,-7.29,-14.74,7.05,-1.85,15.06,0.07,86.97,65.72,1.55,SA_Volcanics
46,-70.266,-42.15,2.0,283.0,-69.914,-42.044,0.064,748.0,-74.86,-41.75,8.85,-17.23,1.6,151.68,0.17,96.86,911.0,201.0,9.93,9.93,8.45,-2.62,-1.41,0.76,-7.28,-14.75,7.05,-1.85,15.06,0.07,86.97,65.72,1.55,SA_Volcanics
47,-70.124,-37.302,2.0,2901.0,-69.77,-37.196,0.059,789.0,-73.82,-36.35,8.97,-26.17,1.71,144.59,0.19,105.43,911.0,201.0,15.42,15.42,8.05,-3.96,-1.39,0.99,-7.29,-23.95,6.66,-2.96,33.34,0.1,83.9,95.89,1.93,SA_Volcanics
48,-69.947,-37.142,2.0,2901.0,-69.593,-37.036,0.06,791.0,-73.76,-36.17,8.98,-26.16,1.71,144.67,0.19,105.39,911.0,201.0,15.61,15.61,8.06,-3.96,-1.4,0.99,-7.29,-23.95,6.66,-2.96,33.34,0.1,83.9,95.89,1.93,SA_Volcanics
49,-69.863,-42.863,2.0,283.0,-69.512,-42.758,0.07,742.0,-74.97,-42.44,8.83,-17.27,1.58,151.39,0.17,96.94,911.0,201.0,9.23,9.23,8.43,-2.62,-1.39,0.76,-7.28,-14.76,7.04,-1.85,15.06,0.07,86.97,65.72,1.49,SA_Volcanics
50,-69.861,-36.753,2.0,2901.0,-69.507,-36.647,0.06,795.0,-73.54,-35.63,8.99,-32.21,1.72,138.85,0.19,111.34,911.0,201.0,16.18,16.18,7.6,-4.79,-1.3,1.13,-7.29,-30.04,6.31,-3.65,35.58,0.1,83.9,99.42,1.93,SA_Volcanics
51,-69.85600000000001,-35.465,2.0,2901.0,-69.502,-35.359,0.052000000000000005,806.0,-72.96,-34.4,9.0,-32.14,1.74,139.45,0.19,111.01,911.0,201.0,17.5,17.5,7.62,-4.79,-1.33,1.13,-7.28,-30.08,6.3,-3.65,36.38,0.1,70.37,100.67,2.0,SA_Volcanics
52,-68.919,-35.24,2.0,2901.0,-68.566,-35.135,0.064,811.0,-72.72,-33.87,9.01,-32.12,1.75,139.7,0.19,110.87,911.0,201.0,18.06,18.06,7.63,-4.79,-1.34,1.13,-7.28,-30.1,6.29,-3.65,38.6,0.1,70.37,104.08,2.0,SA_Volcanics
53,-68.85600000000001,-19.15,2.0,201.0,-68.49600000000001,-19.045,0.045,873.0,-71.01,-20.02,8.91,8.04,1.97,-176.87,0.18,69.74,911.0,201.0,31.62,32.12,8.83,1.25,-1.97,-0.11,-6.95,9.49,6.86,1.15,58.25,0.14,31.29,129.74,2.17,SA_Volcanics
54,-68.664,-35.021,2.0,2901.0,-68.311,-34.916,0.066,812.0,-72.64,-33.7,9.01,-32.11,1.76,139.79,0.19,110.82,911.0,201.0,18.25,18.25,7.63,-4.79,-1.34,1.13,-7.27,-30.11,6.29,-3.65,38.6,0.1,70.37,104.08,2.0,SA_Volcanics
55,-68.617,-20.767,2.0,201.0,-68.258,-20.662,0.043,883.0,-70.89,-20.87,8.93,-10.72,1.96,164.31,0.17,88.47,911.0,201.0,31.26,31.26,8.78,-1.66,-1.89,0.53,-6.98,-9.26,6.89,-1.12,56.86,0.13,31.27,128.21,2.17,SA_Volcanics
56,-68.575,-24.765,2.0,202.0,-68.217,-24.66,0.044,875.0,-70.98,-24.51,9.0,-17.94,1.91,156.46,0.2,95.82,911.0,201.0,27.58,27.58,8.56,-2.77,-1.75,0.76,-7.1,-16.38,6.81,-2.0,50.82,0.14,35.85,121.06,2.21,SA_Volcanics
57,-68.56,-25.14,2.0,202.0,-68.203,-25.035,0.045,872.0,-71.02,-24.9,9.0,-17.93,1.9,156.39,0.2,95.84,911.0,201.0,27.19,27.19,8.57,-2.77,-1.74,0.76,-7.11,-16.35,6.82,-2.0,50.82,0.14,35.85,121.06,2.21,SA_Volcanics
58,-68.558,-24.684,2.0,202.0,-68.20100000000001,-24.579,0.044,876.0,-70.96,-24.32,9.0,-17.95,1.91,156.5,0.2,95.81,911.0,201.0,27.77,27.77,8.56,-2.77,-1.75,0.76,-7.1,-16.39,6.81,-2.0,52.44,0.14,32.96,123.03,2.19,SA_Volcanics
59,-68.51899999999999,-25.125,2.0,202.0,-68.16199999999999,-25.02,0.045,874.0,-71.0,-24.71,9.0,-17.94,1.91,156.43,0.2,95.83,911.0,201.0,27.38,27.38,8.56,-2.77,-1.75,0.76,-7.11,-16.37,6.82,-2.0,50.82,0.14,35.85,121.06,2.21,SA_Volcanics
60,-68.512,-21.903,2.0,201.0,-68.153,-21.798,0.041,899.0,-70.71,-21.91,8.96,-17.12,1.95,157.84,0.18,94.81,911.0,201.0,30.2,30.2,8.56,-2.64,-1.8,0.73,-7.02,-15.66,6.76,-1.9,55.42,0.13,31.27,126.59,2.17,SA_Volcanics
61,-68.5,-20.933000000000003,2.0,201.0,-68.141,-20.828000000000007,0.044,891.0,-70.8,-21.39,8.95,-0.79,1.95,174.21,0.18,78.5,911.0,201.0,30.73,30.73,8.95,-0.12,-1.94,0.2,-7.0,0.67,7.0,0.08,56.86,0.14,31.27,128.21,2.17,SA_Volcanics
62,-68.467,-21.2,2.0,201.0,-68.108,-21.095,0.044,898.0,-70.72,-21.73,8.95,-0.79,1.95,174.19,0.18,78.47,911.0,201.0,30.37,30.37,8.95,-0.12,-1.94,0.2,-7.02,0.67,7.02,0.08,55.42,0.13,31.27,126.59,2.17,SA_Volcanics
63,-68.452,-24.471,2.0,202.0,-68.095,-24.365,0.045,878.0,-70.93,-24.13,8.99,-17.95,1.91,156.54,0.2,95.8,911.0,201.0,27.97,27.97,8.56,-2.77,-1.76,0.76,-7.09,-16.41,6.8,-2.0,52.44,0.14,32.96,123.03,2.19,SA_Volcanics
64,-68.328,-24.297,2.0,202.0,-67.97,-24.192,0.047,879.0,-70.91,-23.93,8.99,-17.96,1.92,156.58,0.2,95.79,911.0,201.0,28.16,28.16,8.55,-2.77,-1.76,0.76,-7.09,-16.42,6.8,-2.0,52.44,0.14,32.96,123.03,2.19,SA_Volcanics
65,-68.319,-24.137,2.0,202.0,-67.962,-24.032,0.047,884.0,-70.89,-23.74,8.99,-17.96,1.92,156.61,0.2,95.78,911.0,201.0,28.36,28.36,8.55,-2.77,-1.76,0.76,-7.08,-16.43,6.79,-2.0,52.44,0.14,32.96,123.03,2.19,SA_Volcanics
66,-68.02600000000001,-22.876,2.0,201.0,-67.668,-22.771,0.05,895.0,-70.76,-22.44,8.97,-17.1,1.94,157.75,0.18,94.83,911.0,201.0,29.66,29.66,8.57,-2.64,-1.79,0.73,-7.04,-15.62,6.78,-1.9,55.42,0.13,31.27,126.59,2.17,SA_Volcanics
67,-67.953,-22.414,2.0,201.0,-67.595,-22.309,0.051,896.0,-70.74,-22.26,8.96,-17.11,1.94,157.78,0.18,94.82,911.0,201.0,29.84,29.84,8.57,-2.64,-1.8,0.73,-7.03,-15.64,6.77,-1.9,55.42,0.13,31.27,126.59,2.17,SA_Volcanics
68,-67.818,-23.371,2.0,202.0,-67.46,-23.266,0.054000000000000006,890.0,-70.81,-22.97,8.98,-17.08,1.93,157.66,0.18,94.85,911.0,201.0,29.13,29.13,8.58,-2.64,-1.79,0.73,-7.06,-15.58,6.8,-1.9,53.94,0.13,31.47,124.86,2.18,SA_Volcanics
69,-67.709,-25.616,2.0,202.0,-67.352,-25.511,0.059,870.0,-71.06,-25.29,9.01,-17.92,1.9,156.31,0.2,95.86,911.0,201.0,26.8,26.8,8.57,-2.77,-1.74,0.76,-7.12,-16.33,6.84,-2.0,50.82,0.14,35.85,121.06,2.21,SA_Volcanics
70,-67.6,-24.0,2.0,202.0,-67.243,-23.895,0.058,886.0,-70.87,-23.54,8.99,-17.97,1.92,156.65,0.2,95.77,911.0,201.0,28.56,28.56,8.55,-2.77,-1.77,0.76,-7.07,-16.45,6.78,-2.0,52.44,0.14,32.96,123.03,2.19,SA_Volcanics
71,-70.285,-41.534,3.0,283.0,-69.757,-41.37600000000001,0.064,751.0,-74.61,-41.19,8.86,-14.39,1.61,154.65,0.16,94.18,911.0,201.0,10.44,10.44,8.58,-2.2,-1.45,0.69,-7.29,-11.93,7.13,-1.51,18.35,0.07,90.53,71.41,1.56,SA_Volcanics
72,-70.13,-45.63,3.0,283.0,-69.60600000000001,-45.472,0.066,730.0,-75.01,-45.68,8.71,-13.09,1.5,154.4,0.16,92.9,911.0,201.0,5.88,5.88,8.48,-1.97,-1.36,0.65,-7.24,-10.45,7.12,-1.31,2.71,0.03,6.23,67.08,0.73,SA_Volcanics
73,-70.1,-41.0,3.0,283.0,-69.572,-40.842,0.065,761.0,-74.47,-40.35,8.88,-17.33,1.62,152.0,0.15,97.07,911.0,201.0,11.29,11.29,8.48,-2.65,-1.43,0.76,-7.3,-14.91,7.05,-1.88,20.51,0.07,91.45,74.85,1.61,SA_Volcanics
74,-70.0,-41.4,3.0,283.0,-69.473,-41.242,0.067,756.0,-74.52,-40.67,8.88,-18.21,1.62,151.01,0.18,97.97,911.0,201.0,10.97,10.97,8.43,-2.77,-1.41,0.78,-7.29,-15.77,7.02,-1.98,20.51,0.08,90.53,71.41,1.56,SA_Volcanics
75,-70.0,-42.0,3.0,283.0,-69.473,-41.842,0.068,749.0,-74.65,-41.52,8.85,-17.05,1.6,151.87,0.17,96.85,911.0,201.0,10.11,10.11,8.46,-2.6,-1.41,0.75,-7.29,-14.58,7.05,-1.83,15.51,0.07,85.01,71.41,1.55,SA_Volcanics
76,-69.887,-43.67,3.0,283.0,-69.362,-43.512,0.071,734.0,-74.92,-43.16,8.8,-15.92,1.56,152.41,0.11,95.79,911.0,201.0,8.46,8.46,8.46,-2.41,-1.39,0.72,-7.28,-13.37,7.08,-1.68,15.01,0.04,84.65,65.75,1.55,SA_Volcanics
77,-69.358,-41.76600000000001,3.0,283.0,-68.833,-41.609,0.076,750.0,-74.63,-41.36,8.86,-14.4,1.6,154.58,0.16,94.19,911.0,201.0,10.28,10.28,8.58,-2.2,-1.45,0.69,-7.29,-11.93,7.13,-1.51,18.35,0.07,90.53,71.41,1.56,SA_Volcanics
78,-69.288,-42.262,3.0,283.0,-68.763,-42.105,0.077,748.0,-74.68,-41.7,8.85,-17.06,1.59,151.8,0.17,96.87,911.0,201.0,9.93,9.93,8.46,-2.6,-1.41,0.75,-7.29,-14.58,7.05,-1.83,15.51,0.07,85.01,71.41,1.55,SA_Volcanics
79,-68.955,-45.257,3.0,283.0,-68.434,-45.1,0.081,728.0,-75.02,-45.55,8.71,0.82,1.51,168.34,0.11,79.0,911.0,201.0,6.01,6.01,8.71,0.12,-1.48,0.3,-7.25,3.46,7.23,0.44,2.71,0.02,6.23,67.08,0.73,SA_Volcanics
80,-68.8,-40.3,3.0,283.0,-68.275,-40.143,0.08199999999999999,764.0,-74.46,-40.19,8.89,-8.64,1.63,160.73,0.18,88.39,911.0,201.0,11.45,11.45,8.79,-1.34,-1.54,0.54,-7.3,-6.23,7.25,-0.79,20.51,0.08,91.45,74.85,1.61,SA_Volcanics
81,-68.5,-39.8,3.0,283.0,-67.975,-39.643,0.087,771.0,-74.29,-38.77,8.92,-22.54,1.66,147.29,0.14,102.23,911.0,201.0,12.88,12.88,8.24,-3.42,-1.39,0.9,-7.3,-20.18,6.85,-2.52,23.29,0.06,93.9,78.99,1.63,SA_Volcanics
82,-70.5,-33.375,25.0,2901.0,-64.712,-33.186,0.032,835.0,-66.91,-32.92,8.55,-28.23,2.71,-172.79,0.2,95.4,902.0,201.0,23.17,23.17,7.53,-4.04,-2.69,-0.34,-6.54,-42.16,4.85,-4.39,55.52,0.13,5.77,126.58,2.28,SA_Volcanics
83,-70.66,-33.385,26.0,2901.0,-64.586,-33.249,0.03,808.0,-66.63,-32.97,9.67,-24.69,2.71,-172.64,0.2,95.34,902.0,201.0,22.8,22.8,8.79,-4.04,-2.68,-0.35,-7.52,-35.73,6.11,-4.39,56.02,0.15,5.46,127.16,2.29,SA_Volcanics
84,-70.66,-33.385,27.0,2901.0,-64.30199999999999,-33.301,0.03,890.0,-66.35,-33.03,11.07,-21.31,2.71,-172.49,0.2,95.28,902.0,201.0,22.48,22.48,10.31,-4.02,-2.68,-0.35,-8.8,-29.87,7.63,-4.38,53.35,0.17,5.57,124.04,2.24,SA_Volcanics
85,-70.66,-33.385,28.0,2901.0,-64.017,-33.353,0.03,862.0,-66.06,-33.08,11.05,-21.39,2.7,-172.34,0.2,95.23,902.0,201.0,21.09,21.09,10.29,-4.03,-2.68,-0.36,-8.79,-30.03,7.61,-4.4,52.37,0.17,11.55,122.85,2.24,SA_Volcanics
86,-69.999,-42.054,30.0,283.0,-62.598,-42.117,0.068,868.0,-67.81,-41.82,9.76,-24.84,2.6,-170.35,0.17,95.81,902.0,201.0,12.77,12.77,8.85,-4.1,-2.57,-0.44,-7.76,-35.83,6.29,-4.55,36.7,0.11,23.26,100.88,2.0,SA_Volcanics
87,-69.5,-42.5,30.0,283.0,-62.088,-42.556,0.075,866.0,-67.85,-42.16,9.7,-24.99,2.6,-170.31,0.17,95.84,902.0,201.0,12.42,12.42,8.79,-4.1,-2.56,-0.44,-7.72,-36.06,6.24,-4.55,36.7,0.11,22.1,100.88,2.0,SA_Volcanics
