lon,lat,age,plate_id,recon_lon,recon_lat,distance,sub_idx,trench_lon,trench_lat,conv_rate,conv_angle,trench_abs_rate,trench_abs_angle,arc_len,trench_norm,subducting_pid,trench_pid,dist_nearest_edge,dist_from_start,conv_ortho,conv_paral,trench_abs_ortho,trench_abs_paral,subducting_abs_rate,subducting_abs_angle,subducting_abs_ortho,subducting_abs_paral,seafloor_age,subduction_volume_km3y,carbonate_sediment_thickness,total_sediment_thick,ocean_crust_carb_percent
-157.240,57.050,1.000,16112.000,-157.230,57.204,0.034,256.000,-154.650,55.910,5.490,11.790,1.770,-130.170,0.160,315.660,901.000,111.000,7.250,7.250,5.370,1.120,-1.140,-1.350,-4.240,-3.320,4.240,-0.250,47.060,0.070,62.190,112.850,2.210
-158.400,56.520,4.000,16112.000,-158.368,57.134,0.033,239.000,-156.470,55.590,5.560,2.020,1.760,-139.270,0.150,324.200,901.000,111.000,8.600,8.600,5.560,0.200,-1.330,-1.150,-4.340,-12.850,4.230,-0.970,43.900,0.060,49.880,111.620,2.190
-127.850,50.680,5.000,16110.000,-127.112,51.567,0.017,295.000,-128.330,50.980,4.430,11.220,2.230,162.180,0.170,45.360,903.000,101.000,0.970,14.420,4.350,0.860,-2.120,0.680,-2.710,34.670,2.230,1.540,2.050,0.010,5.430,45.410,1.120
-157.240,57.050,6.000,16112.000,-157.178,57.984,0.034,252.000,-154.510,56.710,5.380,13.230,1.800,-129.300,0.160,314.960,901.000,111.000,7.250,7.250,5.240,1.230,-1.140,-1.390,-4.110,-2.410,4.110,-0.170,35.510,0.060,64.670,99.470,2.080
-127.580,50.330,6.000,16110.000,-126.684,51.395,0.015,298.000,-127.810,50.910,4.440,11.020,2.240,162.370,0.190,45.660,903.000,101.000,1.320,12.790,4.360,0.850,-2.130,0.680,-2.700,34.360,2.230,1.520,3.360,0.020,11.890,47.510,1.130
-158.410,56.150,7.000,16112.000,-158.339,57.229,0.028,244.000,-156.610,55.970,5.520,2.860,1.770,-138.660,0.150,323.590,901.000,111.000,8.750,8.750,5.510,0.270,-1.330,-1.170,-4.280,-12.260,4.180,-0.910,34.230,0.050,67.930,97.400,2.090
-160.680,55.630,7.000,16112.000,-160.654,56.684,0.033,235.000,-158.880,55.060,5.670,-4.340,1.730,-144.750,0.150,328.880,901.000,111.000,10.330,10.330,5.660,-0.430,-1.420,-1.000,-4.480,-18.780,4.250,-1.440,35.840,0.060,65.570,99.770,2.120
-127.500,50.380,7.000,16110.000,-126.446,51.622,0.016,300.000,-127.650,51.080,4.450,10.820,2.240,162.500,0.170,45.670,903.000,101.000,1.320,14.600,4.370,0.840,-2.140,0.670,-2.700,33.980,2.240,1.510,3.020,0.020,8.570,46.990,1.140
-158.410,56.150,7.000,16112.000,-158.339,57.229,0.028,244.000,-156.610,55.970,5.520,2.860,1.770,-138.660,0.150,323.590,901.000,111.000,8.750,8.750,5.510,0.270,-1.330,-1.170,-4.280,-12.260,4.180,-0.910,34.230,0.050,67.930,97.400,2.090
-159.420,55.890,8.000,16112.000,-159.360,57.113,0.030,243.000,-157.530,55.720,5.560,4.230,1.760,-136.880,0.180,321.520,901.000,111.000,9.420,9.420,5.550,0.410,-1.290,-1.200,-4.340,-10.710,4.270,-0.810,35.130,0.070,63.190,98.880,2.030
-159.420,55.890,8.000,16112.000,-159.360,57.113,0.030,243.000,-157.530,55.720,5.560,4.230,1.760,-136.880,0.180,321.520,901.000,111.000,9.420,9.420,5.550,0.410,-1.290,-1.200,-4.340,-10.710,4.270,-0.810,35.130,0.070,63.190,98.880,2.030
-160.680,55.640,8.000,16112.000,-160.650,56.846,0.033,238.000,-158.860,55.210,5.650,-4.060,1.740,-144.590,0.150,328.730,901.000,111.000,10.330,10.330,5.640,-0.400,-1.420,-1.010,-4.460,-18.600,4.230,-1.420,33.630,0.050,67.000,96.270,2.080
-160.630,55.250,15.000,16112.000,-160.274,57.527,0.027,243.000,-159.260,56.070,4.620,-25.810,1.800,-140.810,0.190,336.580,901.000,111.000,10.830,10.830,4.160,-2.010,-1.400,-1.140,-4.200,-48.880,2.760,-3.170,34.280,0.050,46.340,97.430,2.090
-122.080,46.360,17.000,173.000,-118.798,49.262,0.045,332.000,-122.640,48.850,4.370,-37.380,2.460,144.910,0.180,77.010,903.000,101.000,5.790,11.350,3.470,-2.650,-2.020,1.420,-1.910,-40.550,1.450,-1.240,9.050,0.020,45.940,56.280,1.460
-121.640,47.680,18.000,173.000,-118.057,50.738,0.054,320.000,-122.850,50.210,4.400,-36.720,2.450,145.210,0.180,76.210,903.000,101.000,4.560,12.590,3.530,-2.630,-2.010,1.400,-1.960,-39.340,1.510,-1.240,9.990,0.020,43.770,58.520,1.460
-120.980,48.200,21.000,173.000,-116.564,51.667,0.064,291.000,-122.330,50.910,6.550,-29.120,2.140,165.250,0.190,75.210,903.000,101.000,1.870,13.720,5.720,-3.190,-2.070,0.540,-4.500,-35.640,3.660,-2.620,14.100,0.050,43.240,64.420,1.670
-121.370,47.500,25.000,173.000,-115.893,51.325,,,,,,,,,,,,,,,,,,,,,,,,,,,
-130.480,55.400,27.000,16124.000,-124.975,59.553,,,,,,,,,,,,,,,,,,,,,,,,,,,
-121.500,48.010,28.000,173.000,-115.151,52.096,,,,,,,,,,,,,,,,,,,,,,,,,,,
-109.630,44.020,29.000,101.000,-102.350,47.795,,,,,,,,,,,,,,,,,,,,,,,,,,,
-101.950,19.000,33.000,215.000,-95.054,22.657,0.035,496.000,-96.230,20.970,17.490,44.190,3.000,-124.230,0.190,31.190,902.000,101.000,3.780,3.780,12.540,12.190,-1.680,-2.480,-14.570,41.780,10.860,9.700,8.880,0.080,26.410,55.900,1.700
-102.080,19.080,34.000,215.000,-94.891,22.757,0.035,491.000,-95.940,20.990,17.930,44.740,3.060,-123.340,0.190,31.270,902.000,101.000,3.560,3.560,12.740,12.620,-1.680,-2.560,-14.960,42.260,11.070,10.060,10.490,0.090,27.800,57.930,1.740
-137.080,59.020,34.000,16122.000,-130.196,63.868,0.015,207.000,-131.790,63.380,3.230,-71.950,1.970,-161.900,0.160,54.600,901.000,101.000,3.350,56.320,1.000,-3.070,-1.870,-0.610,3.790,-103.320,-0.870,-3.690,15.010,0.010,38.020,65.790,1.850
-107.750,27.010,34.000,104.000,-100.214,30.977,0.062,433.000,-103.710,29.110,18.490,15.320,2.990,-150.880,0.180,56.580,902.000,101.000,14.590,14.590,17.830,4.890,-2.610,-1.450,-15.610,12.660,15.230,3.420,8.420,0.110,28.720,55.530,1.770
-125.300,49.760,35.000,16110.000,-117.022,54.428,0.015,313.000,-117.940,53.750,7.160,-2.010,2.390,-145.320,0.190,45.240,903.000,101.000,15.670,43.750,7.150,-0.250,-1.960,-1.360,-5.410,-17.080,5.170,-1.590,20.430,0.070,42.060,74.810,1.920
-125.250,49.760,35.000,16110.000,-116.967,54.426,0.015,313.000,-117.940,53.750,7.160,-2.010,2.390,-145.320,0.190,45.240,903.000,101.000,15.670,43.750,7.150,-0.250,-1.960,-1.360,-5.410,-17.080,5.170,-1.590,20.430,0.070,42.060,74.810,1.920
-115.500,32.420,36.000,101.000,-107.329,36.782,0.017,387.000,-108.000,35.990,13.190,27.210,2.880,-128.820,0.170,33.270,903.000,101.000,22.190,22.190,11.730,6.030,-1.810,-2.240,-10.600,21.000,9.900,3.800,5.200,0.050,0.120,50.220,1.370
-125.980,49.260,37.000,16110.000,-117.095,54.022,0.004,308.000,-117.220,53.820,7.040,-2.780,2.400,-145.200,0.190,45.480,903.000,101.000,15.670,43.290,7.030,-0.340,-1.970,-1.370,-5.320,-18.550,5.040,-1.690,20.990,0.070,40.790,75.840,1.910
-126.810,50.030,38.000,16110.000,-117.593,54.853,0.007,265.000,-118.020,54.540,6.640,-3.350,2.380,-144.690,0.190,44.650,903.000,101.000,14.710,44.020,6.630,-0.390,-1.940,-1.380,-4.980,-20.500,4.660,-1.740,18.680,0.060,44.760,69.570,1.900
-100.990,26.710,39.000,101.000,-91.686,30.331,,,,,,,,,,,,,,,,,,,,,,,,,,,
-109.290,43.870,40.000,101.000,-98.363,47.962,,,,,,,,,,,,,,,,,,,,,,,,,,,
-109.670,44.030,40.000,101.000,-98.752,48.144,,,,,,,,,,,,,,,,,,,,,,,,,,,
-112.360,47.030,46.000,154.000,-99.644,51.321,,,,,,,,,,,,,,,,,,,,,,,,,,,
-110.070,29.900,47.000,101.000,-98.712,34.112,0.057,374.000,-102.290,32.840,9.800,-16.630,2.450,-163.980,0.200,65.420,903.000,101.000,16.540,16.540,9.390,-2.810,-2.360,-0.680,-7.840,-26.280,7.030,-3.470,24.410,0.110,12.480,78.440,1.910
-107.400,26.230,47.000,104.000,-96.230,30.289,0.059,402.000,-99.500,28.500,13.510,4.560,2.540,-155.450,0.180,57.540,902.000,101.000,11.580,11.580,13.470,1.070,-2.310,-1.060,-11.160,0.010,11.160,0.000,27.090,0.140,18.880,85.920,2.050
-126.900,54.810,48.000,16101.000,-114.237,59.817,0.068,213.000,-120.030,57.390,7.550,-12.150,3.220,150.900,0.190,48.970,903.000,101.000,10.830,46.600,7.380,-1.590,-2.820,1.570,-4.580,-0.040,4.580,-0.000,0.900,0.020,11.140,43.770,0.720
-131.550,57.060,48.000,16101.000,-119.327,62.219,0.048,187.000,-124.670,61.200,24.290,-80.740,3.100,126.970,0.170,67.000,918.000,101.000,6.280,51.150,3.910,-23.970,-1.870,2.480,-21.570,-84.550,2.050,-21.470,4.450,0.020,22.400,48.980,1.500
-127.270,54.230,48.000,16101.000,-114.732,59.252,0.058,214.000,-119.800,57.250,7.600,-12.080,3.230,150.950,0.190,49.160,903.000,101.000,11.020,46.410,7.430,-1.590,-2.820,1.570,-4.620,-0.030,4.620,-0.000,0.900,0.020,11.140,43.770,0.720
-127.690,53.750,48.000,16101.000,-115.268,58.788,0.050,216.000,-119.350,56.960,7.680,-11.940,3.240,151.060,0.190,49.540,903.000,101.000,11.390,46.040,7.520,-1.590,-2.830,1.570,-4.700,-0.030,4.700,-0.000,0.900,0.020,11.140,43.770,0.720
-127.020,53.860,48.000,16101.000,-114.492,58.874,0.056,217.000,-119.130,56.820,7.730,-11.870,3.240,151.110,0.190,49.720,903.000,101.000,11.580,45.850,7.560,-1.590,-2.840,1.570,-4.740,-0.030,4.740,-0.000,0.900,0.020,5.580,43.770,0.720
-127.180,53.850,48.000,16101.000,-114.676,58.870,0.055,216.000,-119.350,56.960,7.680,-11.940,3.240,151.060,0.190,49.540,903.000,101.000,11.390,46.040,7.520,-1.590,-2.830,1.570,-4.700,-0.030,4.700,-0.000,0.900,0.020,11.140,43.770,0.720
-129.420,55.420,49.000,16101.000,-116.847,60.788,0.055,202.000,-122.070,59.060,24.700,-62.930,3.170,144.260,0.200,53.220,918.000,101.000,9.000,48.300,11.240,-21.990,-2.580,1.850,-21.900,-66.700,8.660,-20.110,2.560,0.040,18.330,46.180,1.300
-125.410,49.680,49.000,16110.000,-112.915,54.912,0.013,272.000,-113.960,54.450,8.460,-4.610,3.360,159.830,0.190,45.950,903.000,101.000,15.480,41.820,8.430,-0.680,-3.160,1.160,-5.310,5.370,5.290,0.500,6.820,0.050,39.420,52.770,1.750
-125.960,49.250,49.000,16110.000,-113.577,54.505,0.004,278.000,-113.730,54.310,8.500,-4.590,3.370,159.860,0.190,46.140,903.000,101.000,15.670,41.630,8.470,-0.680,-3.160,1.160,-5.350,5.340,5.320,0.500,6.820,0.050,39.420,52.770,1.750
-125.990,49.270,49.000,16110.000,-113.608,54.526,0.004,272.000,-113.960,54.450,8.460,-4.610,3.360,159.830,0.190,45.950,903.000,101.000,15.480,41.820,8.430,-0.680,-3.160,1.160,-5.310,5.370,5.290,0.500,6.820,0.050,39.420,52.770,1.750
-107.240,25.010,49.000,104.000,-95.645,29.345,0.046,409.000,-98.010,27.680,14.540,14.490,3.760,171.010,0.180,49.620,902.000,101.000,9.910,9.910,14.080,3.640,-3.710,0.590,-11.190,22.130,10.360,4.210,35.620,0.170,9.440,99.590,2.340
-126.310,55.410,49.000,16101.000,-113.245,60.666,0.079,212.000,-120.080,57.800,7.440,-12.720,3.220,151.530,0.200,48.180,903.000,101.000,10.640,46.670,7.260,-1.640,-2.830,1.540,-4.440,-1.100,4.440,-0.080,1.750,0.020,8.250,45.000,1.000
-109.600,32.930,50.000,101.000,-97.150,37.649,0.085,363.000,-102.410,35.190,10.650,-16.880,3.150,147.400,0.190,71.150,903.000,101.000,18.180,18.180,10.190,-3.090,-2.650,1.700,-7.670,-10.450,7.540,-1.390,45.340,0.150,5.440,113.970,2.350
-127.440,53.800,50.000,16101.000,-114.529,59.374,0.052,215.000,-118.970,57.510,7.430,-14.000,2.630,149.920,0.190,49.510,903.000,101.000,11.390,45.860,7.210,-1.800,-2.270,1.320,-4.960,-5.480,4.940,-0.470,0.540,0.010,8.660,43.250,0.220
-111.320,43.090,50.000,178.000,-97.871,47.884,,,,,,,,,,,,,,,,,,,,,,,,,,,
-109.150,28.370,50.000,104.000,-97.092,33.073,0.057,385.000,-100.360,31.370,11.030,-0.990,3.200,163.360,0.200,56.770,903.000,101.000,13.980,13.980,11.030,-0.190,-3.060,0.920,-8.000,5.240,7.970,0.730,32.360,0.140,10.130,94.480,2.250
-126.320,55.190,50.000,16101.000,-113.047,60.719,0.076,211.000,-119.870,58.060,7.310,-13.660,2.600,150.200,0.150,48.190,903.000,101.000,10.660,46.590,7.100,-1.730,-2.260,1.290,-4.870,-5.030,4.850,-0.430,1.400,0.010,13.400,44.480,1.030
-109.500,30.300,51.000,101.000,-97.059,35.237,0.067,374.000,-101.310,33.610,10.810,-11.020,3.170,153.690,0.200,65.680,903.000,101.000,16.240,16.240,10.610,-2.070,-2.840,1.410,-7.800,-4.820,7.770,-0.660,34.510,0.140,3.660,97.880,2.340
-126.160,54.940,51.000,16101.000,-112.713,60.687,0.075,214.000,-119.280,58.010,25.340,-56.260,2.620,149.870,0.190,49.070,918.000,101.000,11.020,46.230,14.070,-21.070,-2.270,1.310,-22.990,-59.130,11.800,-19.740,1.520,0.040,13.910,44.660,0.890
-110.070,29.900,52.000,101.000,-97.467,35.092,0.057,374.000,-101.100,33.830,12.710,-5.150,3.180,153.720,0.200,65.730,903.000,101.000,16.240,16.240,12.660,-1.140,-2.850,1.410,-9.810,1.500,9.810,0.260,46.380,0.200,5.470,113.080,2.370
-107.350,25.670,52.000,104.000,-94.989,30.693,0.053,407.000,-97.710,28.770,13.350,14.290,3.230,171.930,0.180,49.670,902.000,101.000,10.380,10.380,12.940,3.300,-3.200,0.450,-10.430,20.990,9.740,3.740,38.470,0.160,8.920,103.960,2.380
-126.000,54.850,52.000,16101.000,-112.351,60.816,0.075,213.000,-119.140,58.240,25.440,-56.780,2.620,149.960,0.190,49.020,918.000,101.000,11.020,46.240,13.940,-21.290,-2.270,1.310,-23.110,-59.710,11.660,-19.950,2.310,0.050,18.380,45.800,1.210
-126.200,55.270,52.000,16101.000,-112.527,61.243,0.078,211.000,-119.600,58.510,25.370,-56.490,2.610,150.390,0.170,48.060,918.000,101.000,10.650,46.600,14.000,-21.150,-2.270,1.290,-23.040,-59.420,11.720,-19.840,2.790,0.050,18.380,46.540,1.350
-109.730,30.380,52.000,101.000,-97.064,35.548,0.065,372.000,-101.290,34.200,12.710,-5.150,3.170,153.680,0.200,65.620,903.000,101.000,16.640,16.640,12.650,-1.140,-2.840,1.410,-9.810,1.500,9.810,0.260,46.380,0.200,5.470,113.080,2.370
-126.240,55.290,52.000,16101.000,-112.572,61.264,0.078,211.000,-119.600,58.510,25.370,-56.490,2.610,150.390,0.170,48.060,918.000,101.000,10.650,46.600,14.000,-21.150,-2.270,1.290,-23.040,-59.420,11.720,-19.840,2.790,0.050,18.380,46.540,1.350
-107.720,26.990,52.000,104.000,-95.259,32.034,0.062,397.000,-98.760,30.110,12.700,4.140,3.220,163.340,0.170,57.670,903.000,101.000,12.010,12.010,12.670,0.920,-3.090,0.920,-9.750,10.830,9.580,1.830,36.920,0.150,7.500,101.640,2.380
-107.750,27.000,52.000,104.000,-95.289,32.046,0.062,397.000,-98.760,30.110,12.700,4.140,3.220,163.340,0.170,57.670,903.000,101.000,12.010,12.010,12.670,0.920,-3.090,0.920,-9.750,10.830,9.580,1.830,36.920,0.150,7.500,101.640,2.380
-126.900,54.810,53.000,16101.000,-113.236,61.035,0.068,211.000,-119.230,58.600,25.910,-54.180,2.620,149.980,0.190,48.770,918.000,101.000,10.830,46.420,15.170,-21.010,-2.270,1.310,-23.520,-56.780,12.890,-19.680,5.970,0.080,8.430,51.200,1.390
-107.680,27.570,53.000,104.000,-94.932,32.824,0.068,389.000,-99.140,31.230,15.470,4.600,3.210,158.760,0.170,61.980,902.000,101.000,13.040,13.040,15.420,1.240,-2.990,1.160,-12.650,10.880,12.430,2.390,38.220,0.190,9.840,103.590,2.370
-126.230,55.000,53.000,16101.000,-112.414,61.199,0.075,211.000,-119.230,58.600,25.910,-54.180,2.620,149.980,0.190,48.770,918.000,101.000,10.830,46.420,15.170,-21.010,-2.270,1.310,-23.520,-56.780,12.890,-19.680,5.970,0.080,8.430,51.200,1.390
-126.880,56.110,53.000,16101.000,-113.029,62.332,0.082,202.000,-121.100,59.710,25.580,-61.890,2.580,142.760,0.140,53.810,918.000,101.000,9.370,47.890,12.050,-22.570,-2.050,1.560,-23.240,-64.540,9.990,-20.990,11.130,0.070,12.560,59.320,1.580
-109.720,30.380,53.000,101.000,-96.821,35.765,0.065,371.000,-100.980,34.240,15.670,-0.180,3.180,153.740,0.200,65.730,902.000,101.000,16.440,16.440,15.670,-0.050,-2.850,1.410,-12.890,5.960,12.820,1.340,46.690,0.240,3.850,114.850,2.370
-110.030,32.090,53.000,101.000,-96.985,37.490,0.073,362.000,-101.760,35.860,15.750,-6.180,3.150,147.510,0.190,71.290,902.000,101.000,18.180,18.180,15.660,-1.700,-2.660,1.690,-13.000,-0.070,13.000,-0.020,46.400,0.230,7.070,115.060,2.400
-109.630,30.340,53.000,101.000,-96.730,35.719,0.066,371.000,-100.980,34.240,15.670,-0.180,3.180,153.740,0.200,65.730,902.000,101.000,16.440,16.440,15.670,-0.050,-2.850,1.410,-12.890,5.960,12.820,1.340,46.690,0.240,3.850,114.850,2.370
-109.630,30.340,53.000,101.000,-96.730,35.719,0.066,371.000,-100.980,34.240,15.670,-0.180,3.180,153.740,0.200,65.730,902.000,101.000,16.440,16.440,15.670,-0.050,-2.850,1.410,-12.890,5.960,12.820,1.340,46.690,0.240,3.850,114.850,2.370
-110.320,30.950,54.000,101.000,-97.171,36.590,0.061,365.000,-101.320,35.540,16.430,-5.660,3.160,147.620,0.190,71.470,902.000,101.000,17.620,17.620,16.350,-1.620,-2.670,1.690,-13.680,0.240,13.680,0.060,47.970,0.250,10.060,116.340,2.390
-110.660,29.930,54.000,101.000,-97.630,35.595,0.049,371.000,-100.760,34.460,16.380,0.340,3.180,153.770,0.200,65.780,902.000,101.000,16.440,16.440,16.380,0.100,-2.850,1.400,-13.600,6.270,13.520,1.490,47.640,0.260,10.060,117.190,2.360
-119.340,49.390,54.000,154.000,-104.971,55.512,0.076,292.000,-112.650,55.320,16.250,-33.310,2.770,114.660,0.190,90.840,902.000,101.000,15.860,41.390,13.580,-8.920,-1.160,2.520,-13.980,-27.330,12.420,-6.420,0.760,0.030,4.550,43.620,1.490
-109.600,32.930,55.000,101.000,-95.964,38.731,0.085,362.000,-101.430,36.460,16.170,18.790,2.970,172.840,0.190,47.330,902.000,101.000,18.370,18.370,15.310,5.210,-2.950,0.370,-13.550,24.220,12.360,5.560,48.020,0.230,13.050,117.560,2.380
-111.120,31.870,55.000,101.000,-97.702,37.777,0.057,363.000,-101.320,36.300,16.160,-5.210,2.970,148.860,0.190,71.400,902.000,101.000,18.180,18.180,16.090,-1.470,-2.550,1.540,-13.550,0.240,13.550,0.060,48.020,0.240,13.050,117.560,2.380
-109.620,28.530,55.000,104.000,-96.426,34.346,0.052,383.000,-99.520,32.800,15.990,10.290,3.020,164.820,0.200,56.920,902.000,101.000,14.380,14.380,15.730,2.860,-2.920,0.790,-13.320,15.830,12.810,3.630,39.610,0.230,1.660,105.720,2.340
-106.100,23.270,55.000,104.000,-93.210,28.851,0.039,419.000,-95.100,27.400,15.530,19.870,3.090,174.230,0.190,49.970,902.000,101.000,7.730,7.730,14.610,5.280,-3.070,0.310,-12.810,25.780,11.540,5.570,44.840,0.220,5.110,113.210,2.390
-109.500,30.300,56.000,101.000,-95.899,36.302,0.067,422.000,-100.220,34.700,10.240,-7.680,1.520,-179.550,0.200,65.940,902.000,101.000,16.240,16.240,10.150,-1.370,-1.520,-0.010,-8.740,-9.190,8.630,-1.400,49.620,0.160,17.100,119.640,2.340
-108.070,32.790,56.000,101.000,-94.104,38.681,,,,,,,,,,,,,,,,,,,,,,,,,,,
-109.340,33.090,56.000,101.000,-95.435,39.071,,,,,,,,,,,,,,,,,,,,,,,,,,,
-108.070,32.810,56.000,101.000,-94.102,38.701,,,,,,,,,,,,,,,,,,,,,,,,,,,
-108.370,32.630,56.000,101.000,-94.444,38.543,,,,,,,,,,,,,,,,,,,,,,,,,,,
-109.700,30.270,56.000,101.000,-96.116,36.286,0.065,421.000,-100.320,34.880,10.250,-7.680,1.520,-179.550,0.200,65.890,902.000,101.000,16.440,16.440,10.160,-1.370,-1.520,-0.010,-8.750,-9.180,8.640,-1.400,49.620,0.160,17.100,119.640,2.340
-141.320,63.520,56.000,16105.000,-130.312,70.674,0.032,192.000,-132.790,69.080,9.570,-63.680,0.310,132.880,0.170,62.990,918.000,101.000,0.090,58.120,4.240,-8.580,-0.210,0.230,-9.270,-64.330,4.020,-8.360,46.480,0.060,23.670,115.350,2.360
-111.020,31.970,56.000,101.000,-97.358,38.072,0.059,412.000,-101.100,36.500,10.310,-13.630,1.470,174.360,0.190,71.440,902.000,101.000,18.180,18.180,10.020,-2.430,-1.460,0.140,-8.850,-15.040,8.550,-2.300,50.120,0.150,16.740,119.410,2.340
-110.070,29.900,57.000,101.000,-96.393,36.000,0.057,420.000,-100.070,34.750,9.580,-11.750,1.520,-179.600,0.200,65.900,902.000,101.000,16.240,16.240,9.380,-1.950,-1.520,-0.010,-8.090,-14.120,7.850,-1.970,50.930,0.150,20.010,120.610,2.320
-107.350,25.670,57.000,104.000,-93.914,31.592,0.053,452.000,-96.670,29.680,9.280,5.900,1.660,-162.340,0.180,49.890,902.000,101.000,10.380,10.380,9.230,0.950,-1.580,-0.500,-7.660,3.260,7.650,0.440,44.270,0.120,8.640,112.420,2.380
-110.760,31.830,57.000,101.000,-96.941,37.971,0.061,410.000,-100.950,36.560,9.650,-17.640,1.470,174.320,0.190,71.400,902.000,101.000,18.180,18.180,9.200,-2.930,-1.470,0.150,-8.220,-19.870,7.730,-2.790,50.330,0.140,19.920,120.550,2.330
-110.760,31.830,57.000,101.000,-96.941,37.971,0.061,410.000,-100.950,36.560,9.650,-17.640,1.470,174.320,0.190,71.400,902.000,101.000,18.180,18.180,9.200,-2.930,-1.470,0.150,-8.220,-19.870,7.730,-2.790,50.330,0.140,19.920,120.550,2.330
-122.600,51.130,57.000,16101.000,-107.957,57.890,0.053,324.000,-112.260,55.950,9.820,-0.290,0.850,-173.300,0.160,46.070,902.000,101.000,16.650,41.560,9.820,-0.050,-0.850,-0.100,-8.980,-1.050,8.970,-0.160,0.910,0.020,4.830,45.730,1.420
-109.660,28.390,57.000,104.000,-96.102,34.467,0.051,431.000,-99.020,32.890,9.480,-2.360,1.580,-170.160,0.200,57.000,902.000,101.000,14.180,14.180,9.480,-0.390,-1.550,-0.270,-7.950,-4.860,7.920,-0.670,42.510,0.140,3.800,109.970,2.380
-109.750,30.480,57.000,101.000,-95.994,36.556,0.065,418.000,-100.270,35.120,9.590,-11.730,1.510,-179.600,0.200,65.790,902.000,101.000,16.640,16.640,9.390,-1.950,-1.510,-0.010,-8.120,-14.070,7.880,-1.970,50.930,0.150,20.010,119.840,2.320
-118.620,49.010,57.000,16107.000,-103.617,55.575,0.084,340.000,-112.170,55.800,9.830,-44.890,0.860,142.210,0.190,90.750,902.000,101.000,16.820,41.390,6.960,-6.930,-0.680,0.530,-8.970,-45.660,6.270,-6.420,0.910,0.010,6.250,46.020,1.420
-109.800,28.410,57.000,104.000,-96.249,34.496,0.049,430.000,-99.150,33.060,9.490,-2.360,1.570,-170.130,0.200,56.930,902.000,101.000,14.380,14.380,9.490,-0.390,-1.550,-0.270,-7.970,-4.850,7.940,-0.670,42.510,0.140,3.800,109.970,2.380
-126.900,54.810,58.000,16101.000,-112.504,61.785,0.068,258.000,-118.610,59.330,9.730,-39.100,0.700,-179.850,0.190,48.420,918.000,101.000,11.790,46.420,7.550,-6.140,-0.700,-0.000,-9.210,-41.940,6.850,-6.150,14.990,0.060,4.810,65.600,1.720
-142.510,63.370,58.000,16105.000,-131.891,70.578,0.026,190.000,-132.750,69.140,9.690,-66.470,0.320,133.190,0.170,62.650,918.000,101.000,0.090,58.120,3.870,-8.890,-0.220,0.230,-9.390,-67.220,3.640,-8.660,42.900,0.050,24.350,110.340,2.360
-110.480,32.750,58.000,101.000,-96.394,38.926,0.073,408.000,-100.920,36.770,9.390,5.560,1.470,-161.710,0.190,47.290,902.000,101.000,18.370,18.370,9.350,0.910,-1.400,-0.460,-7.960,3.120,7.950,0.430,50.450,0.140,22.730,120.700,2.300
-111.070,31.980,58.000,101.000,-97.108,38.198,0.058,409.000,-100.800,36.610,9.380,-18.440,1.480,174.270,0.190,71.350,902.000,101.000,18.180,18.180,8.900,-2.970,-1.470,0.150,-7.950,-20.890,7.430,-2.830,50.450,0.140,22.730,120.700,2.300
-109.030,27.000,58.000,104.000,-95.407,33.095,0.045,437.000,-98.070,31.830,9.150,-7.970,1.610,-175.110,0.170,62.130,902.000,101.000,12.870,12.870,9.060,-1.270,-1.600,-0.140,-7.590,-10.780,7.460,-1.420,43.900,0.120,7.470,111.910,2.370
-108.230,26.720,58.000,104.000,-94.585,32.760,0.053,441.000,-97.670,31.220,9.110,-3.440,1.630,-170.620,0.180,57.790,902.000,101.000,12.170,12.170,9.100,-0.550,-1.600,-0.260,-7.540,-6.290,7.490,-0.830,43.380,0.120,7.470,111.180,2.370
-111.030,31.880,58.000,101.000,-97.075,38.096,0.058,409.000,-100.800,36.610,9.380,-18.440,1.480,174.270,0.190,71.350,902.000,101.000,18.180,18.180,8.900,-2.970,-1.470,0.150,-7.950,-20.890,7.430,-2.830,50.450,0.140,22.730,120.700,2.300
-108.080,32.850,59.000,101.000,-93.646,38.917,,,,,,,,,,,,,,,,,,,,,,,,,,,
-110.320,30.950,59.000,101.000,-96.250,37.179,0.061,411.000,-100.430,36.130,9.360,-18.470,1.500,174.280,0.190,71.440,902.000,101.000,17.620,17.620,8.880,-2.960,-1.490,0.150,-7.910,-20.960,7.380,-2.830,50.550,0.140,24.170,120.820,2.270
-110.450,31.120,59.000,101.000,-96.373,37.357,0.060,410.000,-100.500,36.310,9.360,-18.460,1.490,174.260,0.190,71.400,902.000,101.000,17.810,17.810,8.880,-2.960,-1.480,0.150,-7.920,-20.930,7.400,-2.830,50.550,0.140,24.170,120.820,2.290
-110.180,30.850,59.000,101.000,-96.110,37.070,0.063,414.000,-100.160,35.590,9.340,-12.500,1.510,-179.680,0.200,65.590,902.000,101.000,17.040,17.040,9.110,-2.020,-1.510,-0.010,-7.870,-15.040,7.600,-2.040,51.040,0.150,24.170,121.440,2.270
-110.280,31.000,59.000,101.000,-96.203,37.226,0.062,410.000,-100.500,36.310,9.360,-18.460,1.490,174.260,0.190,71.400,902.000,101.000,17.810,17.810,8.880,-2.960,-1.480,0.150,-7.920,-20.930,7.400,-2.830,50.550,0.140,24.170,120.820,2.290
-110.950,33.400,59.000,101.000,-96.683,39.663,0.075,407.000,-100.770,36.830,9.390,5.570,1.480,-161.760,0.190,47.240,902.000,101.000,18.370,18.370,9.340,0.910,-1.400,-0.460,-7.950,3.140,7.940,0.440,51.250,0.140,24.170,120.820,2.280
-111.220,33.040,60.000,101.000,-96.860,39.379,0.068,407.000,-100.620,36.880,9.380,5.580,4.220,-163.530,0.190,47.200,902.000,101.000,18.370,18.370,9.340,0.910,-4.050,-1.200,-5.300,-3.140,5.290,-0.290,51.370,0.140,25.900,121.870,2.250
-110.720,31.490,60.000,101.000,-96.474,37.801,0.059,408.000,-100.500,36.720,9.370,-18.410,4.220,172.470,0.190,71.260,902.000,101.000,18.180,18.180,8.890,-2.960,-4.190,0.550,-5.290,-27.160,4.710,-2.410,51.370,0.140,25.900,121.870,2.250
-111.000,33.380,60.000,101.000,-96.588,39.704,0.074,407.000,-100.620,36.880,9.380,5.580,4.220,-163.530,0.190,47.200,902.000,101.000,18.370,18.370,9.340,0.910,-4.050,-1.200,-5.300,-3.140,5.290,-0.290,51.370,0.140,25.900,121.870,2.250
-106.100,23.600,60.000,104.000,-92.309,29.614,0.042,462.000,-94.510,28.130,8.860,6.010,4.150,-162.710,0.190,49.770,902.000,101.000,8.120,8.120,8.810,0.930,-3.960,-1.230,-4.870,-3.670,4.860,-0.310,46.660,0.130,17.440,115.700,2.310
-110.740,33.420,60.000,101.000,-96.302,39.727,0.077,407.000,-100.620,36.880,9.380,5.580,4.220,-163.530,0.190,47.200,902.000,101.000,18.370,18.370,9.340,0.910,-4.050,-1.200,-5.300,-3.140,5.290,-0.290,51.370,0.140,25.900,121.870,2.250
-109.020,27.170,60.000,104.000,-95.065,33.380,0.047,434.000,-97.950,32.240,9.160,-7.930,4.200,-176.780,0.170,61.950,902.000,101.000,13.220,13.220,9.070,-1.260,-4.190,-0.240,-5.100,-17.160,4.880,-1.510,44.440,0.120,10.460,112.660,2.330
-110.970,33.160,61.000,101.000,-96.126,39.635,0.072,404.000,-100.190,37.050,11.940,15.990,4.220,-163.350,0.190,47.460,902.000,101.000,18.370,18.370,11.480,3.290,-4.050,-1.210,-7.720,15.590,7.430,2.070,51.180,0.180,25.770,121.630,2.190
-109.460,30.410,61.000,101.000,-94.791,36.788,0.069,414.000,-99.290,35.270,11.860,-2.020,4.220,178.660,0.200,65.980,902.000,101.000,16.440,16.440,11.860,-0.420,-4.220,0.100,-7.650,-2.440,7.640,-0.330,52.140,0.190,25.820,121.240,2.190
-110.940,33.330,61.000,101.000,-96.076,39.802,0.074,404.000,-100.190,37.050,11.940,15.990,4.220,-163.350,0.190,47.460,902.000,101.000,18.370,18.370,11.480,3.290,-4.050,-1.210,-7.720,15.590,7.430,2.070,51.180,0.180,25.770,121.630,2.190
-110.900,33.340,61.000,101.000,-96.031,39.810,0.074,404.000,-100.190,37.050,11.940,15.990,4.220,-163.350,0.190,47.460,902.000,101.000,18.370,18.370,11.480,3.290,-4.050,-1.210,-7.720,15.590,7.430,2.070,51.180,0.180,25.770,121.630,2.190
-121.420,50.920,61.000,16102.000,-105.687,57.965,0.062,319.000,-111.430,56.310,11.910,9.010,3.980,-170.810,0.190,46.120,902.000,101.000,16.630,41.580,11.760,1.860,-3.930,-0.640,-7.930,8.870,7.830,1.220,0.950,0.020,2.260,45.710,1.400
-110.900,33.340,61.000,101.000,-96.031,39.810,0.074,404.000,-100.190,37.050,11.940,15.990,4.220,-163.350,0.190,47.460,902.000,101.000,18.370,18.370,11.480,3.290,-4.050,-1.210,-7.720,15.590,7.430,2.070,51.180,0.180,25.770,121.630,2.190
-104.400,29.810,61.000,101.000,-89.448,35.799,,,,,,,,,,,,,,,,,,,,,,,,,,,
-110.760,31.830,62.000,101.000,-95.596,38.444,0.061,405.000,-99.650,37.050,13.170,-7.570,4.220,172.840,0.190,71.790,902.000,101.000,18.180,18.180,13.050,-1.740,-4.190,0.530,-8.950,-7.780,8.860,-1.210,52.370,0.200,24.660,123.100,2.150
-110.760,31.830,62.000,101.000,-95.596,38.444,0.061,405.000,-99.650,37.050,13.170,-7.570,4.220,172.840,0.190,71.790,902.000,101.000,18.180,18.180,13.050,-1.740,-4.190,0.530,-8.950,-7.780,8.860,-1.210,52.370,0.200,24.660,123.100,2.150
-110.420,31.060,62.000,101.000,-95.314,37.652,0.061,407.000,-99.500,36.690,13.160,-7.580,4.220,172.840,0.190,71.880,902.000,101.000,17.810,17.810,13.050,-1.740,-4.190,0.530,-8.940,-7.780,8.860,-1.210,52.370,0.200,24.660,123.100,2.150
-111.430,33.040,62.000,101.000,-96.186,39.699,0.065,404.000,-99.760,37.210,13.170,16.420,4.220,-163.170,0.190,47.720,902.000,101.000,18.370,18.370,12.630,3.720,-4.040,-1.220,-8.950,16.220,8.590,2.500,52.370,0.200,24.660,123.100,2.150
-111.420,33.120,62.000,101.000,-96.166,39.778,0.066,404.000,-99.760,37.210,13.170,16.420,4.220,-163.170,0.190,47.720,902.000,101.000,18.370,18.370,12.630,3.720,-4.040,-1.220,-8.950,16.220,8.590,2.500,52.370,0.200,24.660,123.100,2.150
-111.800,32.960,63.000,101.000,-96.143,39.796,0.060,403.000,-99.490,37.520,13.300,13.700,4.220,-162.980,0.190,47.900,902.000,101.000,18.560,18.560,12.920,3.150,-4.040,-1.240,-9.080,12.180,8.880,1.920,54.090,0.200,21.250,123.490,2.110
-112.850,32.360,63.000,101.000,-97.354,39.277,0.042,402.000,-99.650,37.660,13.290,13.710,4.220,-162.990,0.190,47.800,902.000,101.000,18.750,18.750,12.920,3.150,-4.040,-1.240,-9.080,12.190,8.880,1.920,54.090,0.200,21.250,123.490,2.110
-124.490,51.220,63.000,16101.000,-108.153,58.796,0.040,290.000,-111.540,57.390,12.570,-16.460,3.960,-170.350,0.200,45.760,918.000,101.000,15.690,42.520,12.050,-3.560,-3.910,-0.660,-9.180,-27.480,8.140,-4.240,2.760,0.050,2.190,46.440,0.790
-110.430,31.040,63.000,101.000,-94.884,37.778,0.060,407.000,-99.070,36.860,13.310,-10.290,4.220,173.020,0.190,72.150,902.000,101.000,17.810,17.810,13.090,-2.380,-4.190,0.510,-9.090,-11.810,8.900,-1.860,52.660,0.210,21.860,123.490,2.110
-108.080,32.850,64.000,101.000,-91.661,39.519,,,,,,,,,,,,,,,,,,,,,,,,,,,
-110.450,31.120,64.000,101.000,-94.450,38.002,0.061,407.000,-98.640,37.010,13.290,-10.320,4.220,173.210,0.190,72.420,902.000,101.000,17.810,17.810,13.080,-2.380,-4.190,0.500,-9.080,-11.940,8.890,-1.880,54.160,0.210,17.010,125.210,2.120
-110.730,33.070,64.000,101.000,-94.508,39.966,0.073,404.000,-98.900,37.540,13.290,13.670,4.220,-162.800,0.190,48.260,902.000,101.000,18.370,18.370,12.910,3.140,-4.030,-1.250,-9.080,12.050,8.880,1.900,54.160,0.200,17.010,125.210,2.120
-110.880,33.410,64.000,101.000,-94.627,40.316,0.076,404.000,-98.900,37.540,13.290,13.670,4.220,-162.800,0.190,48.260,902.000,101.000,18.370,18.370,12.910,3.140,-4.030,-1.250,-9.080,12.050,8.880,1.900,54.160,0.200,17.010,125.210,2.120
-111.050,33.290,64.000,101.000,-94.828,40.211,0.072,404.000,-98.900,37.540,13.290,13.670,4.220,-162.800,0.190,48.260,902.000,101.000,18.370,18.370,12.910,3.140,-4.030,-1.250,-9.080,12.050,8.880,1.900,54.160,0.200,17.010,125.210,2.120
-100.980,21.820,64.000,104.000,-85.535,27.881,0.086,504.000,-88.500,23.750,12.950,33.930,4.030,-142.200,0.190,33.550,902.000,101.000,1.530,1.530,10.750,7.230,-3.180,-2.470,-8.930,32.210,7.560,4.760,59.760,0.180,21.480,130.520,2.330
-112.580,34.510,64.000,101.000,-96.343,41.549,0.072,395.000,-100.350,38.790,13.260,13.700,4.220,-162.800,0.190,47.370,902.000,101.000,20.070,20.070,12.890,3.140,-4.030,-1.250,-9.050,12.090,8.850,1.900,55.830,0.210,17.790,125.610,2.140
-111.220,33.040,65.000,101.000,-94.585,40.118,0.068,405.000,-98.460,37.690,12.260,11.210,4.220,-162.610,0.190,48.540,902.000,101.000,18.370,18.370,12.030,2.380,-4.030,-1.260,-8.080,7.990,8.000,1.120,55.950,0.190,14.310,127.250,2.170
-112.530,46.020,65.000,154.000,-93.888,53.128,,,,,,,,,,,,,,,,,,,,,,,,,,,
-111.950,32.870,66.000,101.000,-94.943,40.153,0.058,407.000,-98.180,37.990,12.250,11.120,4.220,-162.430,0.190,48.720,902.000,101.000,18.560,18.560,12.020,2.360,-4.020,-1.270,-8.070,7.760,7.990,1.090,55.650,0.190,13.350,126.900,2.240
-108.120,27.020,66.000,104.000,-91.589,33.983,0.057,440.000,-95.020,32.380,12.170,2.400,4.190,-171.100,0.180,59.230,902.000,101.000,12.350,12.350,12.160,0.510,-4.140,-0.650,-8.030,-0.970,8.030,-0.140,50.770,0.180,17.170,121.060,2.100
-111.880,32.520,66.000,101.000,-94.915,39.799,0.054,408.000,-98.020,37.850,12.250,11.120,4.220,-162.430,0.190,48.820,902.000,101.000,18.370,18.370,12.020,2.360,-4.020,-1.270,-8.070,7.760,7.990,1.090,55.650,0.190,13.350,126.900,2.240
-111.500,32.400,68.000,101.000,-93.560,39.842,0.057,375.000,-97.100,38.070,13.700,17.040,5.170,-125.910,0.190,49.370,902.000,101.000,18.370,18.370,13.100,4.010,-3.030,-4.190,-10.080,-1.060,10.080,-0.190,55.700,0.210,15.620,126.950,2.320
-110.680,32.700,68.000,101.000,-92.618,40.058,0.070,375.000,-97.100,38.070,13.700,17.040,5.170,-125.910,0.190,49.370,902.000,101.000,18.370,18.370,13.100,4.010,-3.030,-4.190,-10.080,-1.060,10.080,-0.190,55.700,0.210,15.620,126.950,2.320
-110.670,32.670,68.000,101.000,-92.612,40.028,0.070,375.000,-97.100,38.070,13.700,17.040,5.170,-125.910,0.190,49.370,902.000,101.000,18.370,18.370,13.100,4.010,-3.030,-4.190,-10.080,-1.060,10.080,-0.190,55.700,0.210,15.620,126.950,2.320
-140.740,64.000,68.000,16104.000,-124.300,73.136,0.041,156.000,-128.160,71.110,17.620,-68.250,3.780,-155.050,0.170,64.810,918.000,101.000,0.090,58.120,6.530,-16.360,-3.430,-1.600,-18.210,-80.390,3.040,-17.960,46.750,0.090,55.550,119.580,2.190
-141.320,63.520,68.000,16105.000,-125.240,72.668,0.031,156.000,-128.160,71.110,17.620,-68.250,3.780,-155.050,0.170,64.810,918.000,101.000,0.090,58.120,6.530,-16.360,-3.430,-1.600,-18.210,-80.390,3.040,-17.960,46.750,0.090,55.550,119.580,2.190
-139.120,63.480,68.000,16104.000,-121.964,72.579,0.042,156.000,-128.160,71.110,17.620,-68.250,3.780,-155.050,0.170,64.810,918.000,101.000,0.090,58.120,6.530,-16.360,-3.430,-1.600,-18.210,-80.390,3.040,-17.960,46.750,0.090,55.550,119.580,2.190
-108.080,32.850,69.000,101.000,-89.192,39.807,,,,,,,,,,,,,,,,,,,,,,,,,,,
-137.810,62.450,69.000,16104.000,-119.189,71.484,0.044,161.000,-126.450,70.630,17.660,-67.890,3.830,-155.130,0.170,66.080,918.000,101.000,0.610,57.600,6.650,-16.360,-3.480,-1.610,-18.240,-80.170,3.110,-17.970,51.660,0.100,45.060,120.660,2.200
-120.710,50.340,69.000,16102.000,-99.979,58.382,0.065,315.000,-106.660,57.350,18.690,-73.850,4.530,-172.540,0.190,93.550,918.000,101.000,16.820,41.390,5.200,-17.950,-4.490,-0.590,-18.550,-87.940,0.670,-18.540,11.310,0.040,-0.570,59.690,1.620
-111.220,33.040,70.000,101.000,-91.999,40.204,0.067,376.000,-95.950,37.850,13.710,17.220,3.740,-138.230,0.190,49.830,902.000,101.000,18.370,18.370,13.100,4.060,-2.790,-2.490,-10.430,8.630,10.310,1.570,56.140,0.210,21.530,127.480,2.380
-133.750,60.990,70.000,16104.000,-112.814,69.798,0.059,181.000,-120.170,67.680,17.900,-41.340,3.130,-151.070,0.160,46.340,918.000,101.000,4.140,54.070,13.440,-11.820,-2.740,-1.520,-17.090,-51.360,10.670,-13.350,60.370,0.200,51.920,129.630,2.410
-112.170,30.720,70.000,101.000,-93.397,38.000,0.034,378.000,-95.780,37.500,13.710,-6.780,3.740,-162.230,0.190,73.930,902.000,101.000,18.000,18.000,13.610,-1.620,-3.560,-1.140,-10.420,-15.370,10.050,-2.760,56.710,0.220,21.100,128.110,2.380
-140.420,64.190,70.000,16104.000,-121.508,73.281,0.045,157.000,-126.060,71.100,17.640,-67.920,2.990,-175.680,0.170,66.120,918.000,101.000,0.090,58.120,6.630,-16.350,-2.980,-0.220,-16.960,-77.670,3.620,-16.570,43.430,0.090,36.610,118.320,2.170
-140.350,64.330,70.000,16104.000,-121.366,73.418,0.048,157.000,-126.060,71.100,17.640,-67.920,2.990,-175.680,0.170,66.120,918.000,101.000,0.090,58.120,6.630,-16.350,-2.980,-0.220,-16.960,-77.670,3.620,-16.570,43.430,0.090,36.610,118.320,2.170
-133.410,59.710,70.000,16113.000,-112.752,68.507,0.049,184.000,-119.460,67.280,17.940,-52.510,3.150,-162.480,0.160,58.300,918.000,101.000,4.630,53.580,10.920,-14.230,-3.000,-0.950,-17.110,-62.550,7.890,-15.180,60.370,0.160,51.920,129.630,2.370
-127.280,54.830,70.000,16101.000,-106.118,63.265,0.065,224.000,-112.600,61.100,18.340,-37.150,3.360,-149.850,0.170,50.900,918.000,101.000,11.610,46.600,14.620,-11.070,-2.910,-1.690,-17.310,-47.530,11.690,-12.770,62.070,0.220,26.080,133.420,2.290
-111.580,33.110,70.000,101.000,-92.379,40.311,0.065,376.000,-95.950,37.850,13.710,17.220,3.740,-138.230,0.190,49.830,902.000,101.000,18.370,18.370,13.100,4.060,-2.790,-2.490,-10.430,8.630,10.310,1.570,56.140,0.210,21.530,127.480,2.380
-138.450,62.670,70.000,16104.000,-118.996,71.694,0.040,158.000,-125.840,70.940,17.650,-67.860,2.990,-175.690,0.170,66.330,918.000,101.000,0.260,57.950,6.650,-16.350,-2.990,-0.220,-16.960,-77.620,3.640,-16.570,43.430,0.090,36.610,118.320,2.170
-137.940,62.560,70.000,16104.000,-118.286,71.564,0.044,159.000,-125.630,70.780,17.660,-67.790,3.000,-175.700,0.170,66.530,918.000,101.000,0.440,57.770,6.680,-16.350,-2.990,-0.220,-16.970,-77.570,3.650,-16.570,46.960,0.090,36.610,120.350,2.170
-125.270,53.330,70.000,16101.000,-104.008,61.625,0.062,241.000,-108.520,58.840,18.550,-19.300,3.430,-133.210,0.190,37.000,918.000,101.000,14.700,43.510,17.510,-6.130,-2.350,-2.500,-17.440,-29.720,15.140,-8.640,60.010,0.300,20.680,131.520,2.290
-111.950,32.870,71.000,101.000,-92.384,40.091,0.058,375.000,-95.830,38.130,13.460,14.600,3.740,-137.920,0.190,49.890,902.000,101.000,18.750,18.750,13.030,3.390,-2.780,-2.510,-10.290,4.910,10.250,0.880,57.650,0.210,26.130,129.140,2.390
-143.470,63.890,71.000,16105.000,-125.327,73.150,0.034,157.000,-125.670,71.230,18.180,19.830,-3.000,-86.800,0.200,337.770,918.000,182.000,0.100,0.100,17.100,6.170,0.170,-2.990,-17.540,10.320,17.260,3.140,42.720,0.250,29.830,118.400,2.150
-113.170,34.580,71.000,178.000,-93.427,41.917,0.067,368.000,-96.930,39.130,13.490,14.560,3.740,-137.880,0.190,49.200,902.000,101.000,20.070,20.070,13.060,3.390,-2.770,-2.510,-10.330,4.900,10.290,0.880,57.200,0.210,24.570,128.660,2.380
-141.460,63.640,72.000,16105.000,-121.486,72.919,0.033,157.000,-124.480,71.280,18.250,-68.650,3.010,-175.100,0.170,67.210,918.000,101.000,0.090,58.120,6.650,-17.000,-3.000,-0.260,-17.630,-78.170,3.610,-17.250,42.100,0.090,24.690,118.810,2.140
-137.200,62.090,72.000,16104.000,-115.710,71.183,0.046,162.000,-123.480,70.460,18.280,-71.670,3.050,-178.440,0.180,71.440,918.000,101.000,0.960,57.250,5.750,-17.360,-3.050,-0.080,-17.640,-81.280,2.680,-17.440,41.960,0.070,24.690,118.980,2.140
-114.150,35.370,73.000,178.000,-93.460,42.764,0.071,359.000,-96.930,39.650,13.470,26.510,3.740,-125.120,0.170,37.040,902.000,101.000,20.930,20.930,12.060,6.010,-2.150,-3.060,-10.340,16.590,9.910,2.950,57.780,0.180,34.460,129.380,2.410
-138.840,62.740,74.000,16104.000,-116.159,72.029,0.038,154.000,-122.850,71.440,12.220,-31.890,3.040,-174.530,0.170,68.350,918.000,101.000,0.090,58.120,10.380,-6.460,-3.030,-0.290,-9.990,-42.690,7.340,-6.770,37.930,0.130,19.780,114.330,2.130
-110.650,31.190,74.000,101.000,-89.973,38.189,0.058,375.000,-94.080,37.440,13.380,-9.410,3.740,-161.010,0.190,74.920,902.000,101.000,18.000,18.000,13.200,-2.190,-3.540,-1.220,-10.240,-19.450,9.660,-3.410,61.180,0.220,31.550,132.830,2.430
-110.460,31.770,74.000,101.000,-89.663,38.740,0.064,374.000,-94.140,37.620,13.380,-9.410,3.740,-161.010,0.190,74.890,902.000,101.000,18.180,18.180,13.200,-2.190,-3.540,-1.220,-10.250,-19.440,9.670,-3.410,61.180,0.220,31.550,132.830,2.430
-133.750,60.990,75.000,16104.000,-108.794,69.989,0.059,177.000,-116.500,68.000,12.070,-6.370,3.190,-149.650,0.160,48.840,918.000,101.000,4.140,54.070,11.990,-1.340,-2.750,-1.610,-9.710,-17.850,9.240,-2.980,48.990,0.160,36.280,122.730,2.360
-138.020,62.650,75.000,16104.000,-114.124,71.940,0.044,155.000,-121.640,71.180,12.240,-31.360,3.070,-174.260,0.170,69.310,918.000,101.000,0.440,57.770,10.450,-6.370,-3.050,-0.310,-9.980,-42.190,7.390,-6.700,39.610,0.130,23.340,117.690,2.180
-108.120,32.810,75.000,101.000,-86.513,39.430,,,,,,,,,,,,,,,,,,,,,,,,,,,
-157.050,64.130,75.000,18103.000,-143.020,73.885,0.069,124.000,-138.590,70.170,12.400,39.610,3.020,-98.690,0.200,341.720,918.000,182.000,5.600,5.600,9.550,7.900,-0.460,-2.990,-10.340,28.260,9.110,4.900,41.240,0.140,15.710,108.070,2.060
-137.300,62.640,76.000,16101.000,-112.198,71.923,0.049,155.000,-120.620,71.090,13.230,-33.970,3.080,-173.990,0.170,70.080,918.000,101.000,0.610,57.600,10.970,-7.390,-3.070,-0.320,-11.060,-44.460,7.890,-7.750,40.810,0.140,37.490,118.920,2.320
-137.190,62.080,76.000,16104.000,-112.319,71.362,0.046,157.000,-120.270,70.760,13.200,-37.340,3.100,-177.290,0.180,73.690,918.000,101.000,0.960,57.250,10.500,-8.010,-3.090,-0.150,-11.030,-47.910,7.390,-8.180,44.930,0.140,40.530,120.000,2.330
-137.330,62.340,76.000,16104.000,-112.393,71.629,0.047,156.000,-120.440,70.920,13.220,-34.010,3.090,-174.000,0.170,70.250,918.000,101.000,0.790,57.420,10.960,-7.390,-3.070,-0.320,-11.040,-44.540,7.870,-7.750,40.810,0.140,40.530,118.920,2.330
-137.200,62.610,76.000,16101.000,-112.067,71.886,0.049,155.000,-120.620,71.090,13.230,-33.970,3.080,-173.990,0.170,70.080,918.000,101.000,0.610,57.600,10.970,-7.390,-3.070,-0.320,-11.060,-44.460,7.890,-7.750,40.810,0.140,37.490,118.920,2.320
-137.270,62.330,77.000,16104.000,-111.439,71.651,0.047,158.000,-119.610,70.990,13.650,-34.800,3.100,-173.710,0.170,70.840,918.000,101.000,0.790,57.420,11.210,-7.790,-3.080,-0.340,-11.500,-45.180,8.110,-8.160,41.830,0.150,39.450,118.710,2.320
-137.620,62.430,77.000,16104.000,-111.895,71.777,0.045,158.000,-119.610,70.990,13.650,-34.800,3.100,-173.710,0.170,70.840,918.000,101.000,0.790,57.420,11.210,-7.790,-3.080,-0.340,-11.500,-45.180,8.110,-8.160,41.830,0.150,39.450,118.710,2.320
-126.340,54.750,77.000,16101.000,-100.293,63.176,0.071,223.000,-107.750,61.050,12.330,-10.340,3.430,-148.530,0.190,54.710,918.000,101.000,11.970,46.240,12.130,-2.210,-2.930,-1.790,-10.060,-23.670,9.210,-4.040,63.770,0.210,27.510,135.320,2.520
-123.630,51.460,79.000,16101.000,-96.968,59.611,0.049,290.000,-101.420,57.990,11.750,-1.610,3.520,-141.060,0.190,52.040,918.000,101.000,16.050,42.160,11.740,-0.330,-2.740,-2.210,-9.380,-15.940,9.020,-2.580,69.310,0.210,22.200,140.140,2.590
-133.750,60.990,80.000,16104.000,-104.643,70.074,0.059,176.000,-112.670,68.220,13.380,-8.860,3.250,-148.220,0.160,51.530,918.000,101.000,4.140,54.070,13.220,-2.060,-2.760,-1.710,-11.130,-19.970,10.460,-3.800,49.570,0.170,39.620,119.510,2.360
-123.370,51.040,80.000,173.000,-96.203,59.144,0.046,314.000,-100.160,57.520,11.650,-1.190,3.540,-140.890,0.190,52.980,918.000,101.000,16.630,41.580,11.640,-0.240,-2.750,-2.230,-9.260,-15.700,8.910,-2.510,70.030,0.210,24.230,140.710,2.600
-123.420,51.080,80.000,173.000,-96.247,59.190,0.046,306.000,-100.380,57.670,11.680,-1.180,3.540,-140.850,0.190,52.800,918.000,101.000,16.440,41.770,11.680,-0.240,-2.740,-2.230,-9.300,-15.640,8.950,-2.510,70.030,0.210,24.230,140.710,2.600
-117.950,38.780,81.000,178.000,-93.192,46.360,0.082,322.000,-98.910,43.940,13.580,3.510,3.730,-143.370,0.190,56.430,902.000,101.000,27.180,27.180,13.560,0.830,-2.990,-2.220,-10.670,-7.580,10.570,-1.410,67.770,0.240,21.130,138.920,2.560
-127.180,53.680,82.000,16101.000,-98.471,62.160,0.053,224.000,-103.920,60.640,12.280,-8.250,3.480,-147.220,0.190,57.410,918.000,101.000,12.530,45.680,12.150,-1.760,-2.930,-1.890,-9.940,-21.730,9.240,-3.680,65.330,0.210,23.190,136.740,2.570
-155.830,66.180,82.000,18106.000,-134.629,76.795,,,,,,,,,,,,,,,,,,,,,,,,,,,
-127.230,53.530,85.000,16101.000,-96.313,61.634,0.051,225.000,-101.660,60.320,13.360,-6.220,4.810,-126.800,0.190,59.000,902.000,101.000,12.530,58.080,13.280,-1.450,-2.880,-3.850,-11.660,-27.020,10.380,-5.300,65.660,0.230,26.080,136.980,2.570
-106.370,24.900,85.000,104.000,-82.165,30.374,0.055,426.000,-85.140,28.570,14.370,10.190,4.960,-113.170,0.190,55.400,902.000,101.000,21.490,21.490,14.150,2.540,-1.950,-4.560,-12.370,-9.380,12.200,-2.020,65.170,0.250,17.120,136.590,2.580
-108.390,29.400,86.000,101.000,-82.798,34.885,0.076,537.000,-87.980,34.040,14.470,-10.810,4.990,-133.800,0.180,74.450,902.000,101.000,15.480,15.480,14.220,-2.720,-3.450,-3.600,-12.480,-30.380,10.770,-6.310,67.610,0.240,20.330,138.760,2.570
-123.400,51.100,86.000,173.000,-92.175,58.510,0.047,451.000,-96.400,57.080,13.680,1.110,4.850,-119.540,0.190,55.500,902.000,101.000,16.440,41.770,13.680,0.260,-2.390,-4.220,-11.950,-19.370,11.270,-3.960,71.220,0.250,31.110,141.630,2.550
-123.350,51.100,87.000,173.000,-91.399,58.290,0.047,454.000,-95.680,56.890,13.640,0.600,4.860,-119.270,0.190,55.990,902.000,101.000,16.440,41.770,13.640,0.140,-2.380,-4.240,-11.970,-20.020,11.250,-4.100,70.910,0.250,33.880,141.400,2.530
-123.390,51.090,87.000,173.000,-91.450,58.287,0.046,454.000,-95.680,56.890,13.640,0.600,4.860,-119.270,0.190,55.990,902.000,101.000,16.440,41.770,13.640,0.140,-2.380,-4.240,-11.970,-20.020,11.250,-4.100,70.910,0.250,33.880,141.400,2.530
-117.050,40.610,88.000,178.000,-87.872,46.840,,,,,,,,,,,,,,,,,,,,,,,,,,,
-120.380,48.610,89.000,173.000,-87.851,54.940,0.064,464.000,-94.150,55.780,13.610,-44.900,4.880,-163.390,0.190,101.660,902.000,101.000,17.200,41.010,9.640,-9.600,-4.680,-1.400,-12.050,-65.770,4.950,-10.990,73.160,0.180,39.720,143.080,2.330
-150.030,65.270,89.000,16105.000,-114.588,75.327,0.073,245.000,-114.620,71.160,11.710,34.610,-4.590,-77.470,0.190,1.760,902.000,182.000,2.260,2.260,9.640,6.650,1.000,-4.480,-10.830,11.430,10.610,2.150,34.170,0.130,35.740,97.290,2.200
-117.220,40.420,89.000,178.000,-87.564,46.450,,,,,,,,,,,,,,,,,,,,,,,,,,,
-127.690,54.850,89.000,16101.000,-92.932,62.177,0.062,351.000,-99.560,60.580,13.120,-7.780,4.820,-124.940,0.170,59.770,902.000,101.000,11.440,46.770,13.000,-1.780,-2.760,-3.950,-11.720,-29.260,10.220,-5.730,58.570,0.190,24.880,130.550,2.540
-127.940,54.840,89.000,16101.000,-93.234,62.208,0.060,351.000,-99.560,60.580,13.120,-7.780,4.820,-124.940,0.170,59.770,902.000,101.000,11.440,46.770,13.000,-1.780,-2.760,-3.950,-11.720,-29.260,10.220,-5.730,58.570,0.190,24.880,130.550,2.540
-155.280,59.900,90.000,18106.000,-125.321,70.540,0.005,204.000,-125.450,70.850,16.380,58.880,-4.630,-75.670,0.190,351.340,926.000,182.000,6.200,6.200,8.470,14.020,1.150,-4.490,-13.560,44.620,9.650,9.530,18.950,0.080,17.080,72.280,2.020
-108.390,29.400,91.000,101.000,-80.573,33.595,0.076,544.000,-85.600,32.500,14.250,-3.950,4.980,-132.060,0.180,75.920,902.000,101.000,15.120,15.120,14.210,-0.980,-3.340,-3.700,-11.830,-23.240,10.870,-4.670,78.900,0.250,20.830,146.900,2.140
-115.130,35.480,94.000,101.000,-84.388,40.021,0.065,504.000,-87.630,37.250,13.900,29.820,4.990,-96.780,0.180,40.250,902.000,101.000,21.450,21.450,12.060,6.910,-0.590,-4.960,-11.620,9.690,11.460,1.960,83.930,0.210,31.080,149.760,2.400
-120.480,49.630,97.000,16102.000,-82.546,53.899,0.064,478.000,-88.740,54.330,8.240,-29.410,4.910,-161.020,0.190,105.380,902.000,101.000,16.820,41.390,7.180,-4.050,-4.650,-1.600,-6.160,-65.850,2.520,-5.620,69.980,0.130,39.270,140.670,2.120
-120.850,40.200,100.000,178.000,-85.657,44.173,0.064,326.000,-90.690,43.570,9.850,-14.040,5.000,-135.520,0.190,78.860,902.000,101.000,27.420,30.790,9.560,-2.390,-3.570,-3.500,-8.380,-44.510,5.980,-5.880,76.660,0.180,29.970,145.460,2.390
-138.610,62.530,103.000,16104.000,-86.655,68.057,0.038,296.000,-92.530,68.220,6.860,-39.230,4.720,-146.560,0.170,91.790,902.000,101.000,0.440,57.770,5.310,-4.340,-3.940,-2.600,-7.050,-78.940,1.350,-6.920,50.670,0.080,57.240,119.920,2.480
-142.870,63.670,103.000,16105.000,-89.728,70.007,0.030,285.000,-92.770,68.660,6.800,49.010,-4.710,-57.930,0.200,3.060,902.000,182.000,0.100,0.100,4.460,5.130,2.500,-3.990,-7.030,9.140,6.940,1.120,50.670,0.070,57.240,119.270,2.480
-142.990,63.610,103.000,16105.000,-89.951,69.982,0.029,285.000,-92.770,68.660,6.800,49.010,-4.710,-57.930,0.200,3.060,902.000,182.000,0.100,0.100,4.460,5.130,2.500,-3.990,-7.030,9.140,6.940,1.120,50.670,0.070,57.240,119.270,2.480
-143.800,64.210,103.000,16105.000,-89.950,70.680,0.039,285.000,-92.770,68.660,6.800,49.010,-4.710,-57.930,0.200,3.060,902.000,182.000,0.100,0.100,4.460,5.130,2.500,-3.990,-7.030,9.140,6.940,1.120,50.670,0.070,57.240,119.270,2.480
-138.560,62.720,105.000,16104.000,-84.660,67.657,0.040,299.000,-90.680,67.890,7.790,-52.090,3.490,-165.730,0.170,93.220,902.000,101.000,0.260,57.950,4.780,-6.140,-3.380,-0.860,-7.120,-78.950,1.370,-6.990,48.490,0.070,62.020,118.070,2.470
-118.430,38.620,105.000,178.000,-81.491,40.707,0.075,424.000,-86.690,39.080,12.330,-2.910,5.570,-142.960,0.190,64.580,902.000,101.000,27.370,27.370,12.310,-0.630,-4.450,-3.360,-8.790,-26.930,7.840,-3.980,81.580,0.230,36.630,148.450,2.390
-118.080,38.490,105.000,178.000,-81.199,40.500,0.077,429.000,-86.490,38.740,12.380,-2.900,5.590,-143.090,0.190,64.700,902.000,101.000,26.990,26.990,12.360,-0.630,-4.470,-3.360,-8.820,-26.830,7.870,-3.980,83.280,0.230,36.630,149.380,2.440
-143.930,64.230,106.000,16105.000,-87.305,70.104,0.040,289.000,-90.110,68.070,7.790,36.580,-3.510,-77.040,0.200,4.750,902.000,182.000,0.100,0.100,6.260,4.640,0.790,-3.420,-7.130,9.600,7.030,1.190,49.580,0.100,70.980,120.060,2.470
-143.890,64.230,106.000,16105.000,-87.262,70.095,0.040,289.000,-90.110,68.070,7.790,36.580,-3.510,-77.040,0.200,4.750,902.000,182.000,0.100,0.100,6.260,4.640,0.790,-3.420,-7.130,9.600,7.030,1.190,49.580,0.100,70.980,120.060,2.470
-137.090,62.270,108.000,16101.000,-81.469,66.598,0.048,297.000,-88.420,66.900,8.060,-53.380,3.680,-169.440,0.180,97.160,902.000,101.000,0.960,57.250,4.810,-6.470,-3.610,-0.670,-7.230,-80.740,1.160,-7.130,52.470,0.070,79.180,123.100,2.230
-115.000,39.260,110.000,178.000,-74.770,39.908,,,,,,,,,,,,,,,,,,,,,,,,,,,
-125.300,55.500,121.000,16102.000,-68.382,54.581,,,,,,,,,,,,,,,,,,,,,,,,,,,
-124.960,55.110,134.000,16102.000,-62.048,51.931,0.086,349.000,-69.910,51.250,13.650,-17.550,3.540,-155.190,0.190,78.100,902.000,101.000,10.910,43.270,13.010,-4.120,-3.220,-1.490,-11.290,-29.720,9.810,-5.600,105.840,0.260,17.220,157.220,2.720
-114.770,41.770,150.000,178.000,-61.317,32.860,,,,,,,,,,,,,,,,,,,,,,,,,,,
-127.620,50.260,154.000,16110.000,-65.692,45.325,0.032,514.000,-68.320,45.360,7.680,4.010,3.120,-92.780,0.190,88.140,902.000,16111.000,5.790,5.790,7.670,0.540,-0.150,-3.120,-7.940,-19.180,7.500,-2.610,96.900,0.150,17.970,155.290,2.780
-119.240,39.050,161.000,178.000,-63.635,29.103,0.062,423.000,-67.560,28.190,10.830,-0.110,3.270,-168.930,0.190,73.840,902.000,101.000,11.800,13.790,10.830,-0.020,-3.210,-0.630,-7.640,-5.180,7.610,-0.690,87.550,0.210,10.130,151.520,2.690
-113.390,28.060,165.000,105.000,-57.344,14.577,0.075,700.000,-61.450,16.310,11.150,-2.590,5.130,150.520,0.010,54.820,902.000,101.000,0.010,0.010,11.130,-0.500,-4.470,2.530,-6.950,16.690,6.660,2.000,83.520,0.020,9.600,148.490,2.650
-120.180,49.670,166.000,16102.000,-57.886,39.883,0.068,624.000,-62.960,39.510,0.870,-43.040,5.620,134.940,0.180,59.340,101.000,16111.000,0.090,0.090,0.640,-0.590,-3.970,3.970,4.740,134.590,-3.330,3.380,93.890,0.010,11.280,150.380,2.750
-119.200,38.980,167.000,178.000,-62.004,30.177,0.062,439.000,-65.870,29.050,11.280,-21.350,4.780,126.640,0.190,72.120,902.000,101.000,12.170,12.170,10.510,-4.110,-2.850,3.840,-7.650,-2.180,7.650,-0.290,88.010,0.210,8.710,151.710,2.800
-127.510,50.610,167.000,16110.000,-63.491,45.545,0.036,410.000,-66.450,45.330,11.580,-37.010,5.430,106.030,0.190,83.190,902.000,16111.000,6.130,6.130,9.250,-6.970,-1.500,5.220,-7.940,-12.900,7.740,-1.770,92.880,0.180,12.940,148.720,2.660
-127.460,50.600,167.000,16110.000,-63.457,45.522,0.037,410.000,-66.450,45.330,11.580,-37.010,5.430,106.030,0.190,83.190,902.000,16111.000,6.130,6.130,9.250,-6.970,-1.500,5.220,-7.940,-12.900,7.740,-1.770,92.880,0.180,12.940,148.720,2.660
-127.520,50.630,167.000,16110.000,-63.486,45.566,0.037,410.000,-66.450,45.330,11.580,-37.010,5.430,106.030,0.190,83.190,902.000,16111.000,6.130,6.130,9.250,-6.970,-1.500,5.220,-7.940,-12.900,7.740,-1.770,92.880,0.180,12.940,148.720,2.660
-127.460,50.600,167.000,16110.000,-63.457,45.522,0.037,410.000,-66.450,45.330,11.580,-37.010,5.430,106.030,0.190,83.190,902.000,16111.000,6.130,6.130,9.250,-6.970,-1.500,5.220,-7.940,-12.900,7.740,-1.770,92.880,0.180,12.940,148.720,2.660
-127.390,50.590,167.000,16110.000,-63.406,45.493,0.037,410.000,-66.450,45.330,11.580,-37.010,5.430,106.030,0.190,83.190,902.000,16111.000,6.130,6.130,9.250,-6.970,-1.500,5.220,-7.940,-12.900,7.740,-1.770,92.880,0.180,12.940,148.720,2.660
-127.460,50.590,167.000,16110.000,-63.463,45.513,0.037,410.000,-66.450,45.330,11.580,-37.010,5.430,106.030,0.190,83.190,902.000,16111.000,6.130,6.130,9.250,-6.970,-1.500,5.220,-7.940,-12.900,7.740,-1.770,92.880,0.180,12.940,148.720,2.660
-127.860,50.670,168.000,16110.000,-63.604,46.186,0.034,396.000,-66.370,46.000,12.780,-34.350,5.430,106.020,0.190,82.960,902.000,16111.000,6.330,6.330,10.550,-7.210,-1.500,5.220,-9.270,-12.550,9.050,-2.020,91.880,0.210,13.030,146.230,2.630
-120.000,49.170,168.000,16102.000,-57.688,40.227,0.066,609.000,-62.620,40.460,0.870,-43.040,5.630,135.100,0.180,59.060,101.000,16111.000,0.090,0.090,0.640,-0.590,-3.990,3.970,4.760,134.790,-3.350,3.380,91.890,0.010,11.340,144.840,2.650
-119.270,38.960,169.000,178.000,-61.731,31.012,0.061,420.000,-65.560,29.870,12.510,-18.850,4.800,126.860,0.190,71.780,902.000,101.000,11.630,11.630,11.840,-4.040,-2.880,3.840,-8.960,-1.480,8.960,-0.230,88.230,0.240,8.640,151.810,2.820
-127.480,50.600,171.000,16110.000,-62.882,46.876,0.037,379.000,-65.930,46.660,10.350,-2.520,1.940,-130.900,0.190,82.690,902.000,16111.000,5.110,5.110,10.340,-0.460,-1.270,-1.470,-9.270,-11.970,9.070,-1.920,88.110,0.200,12.470,140.930,2.590
-127.970,50.710,172.000,16110.000,-63.035,46.992,0.033,374.000,-65.770,46.730,10.350,-2.500,1.940,-130.820,0.190,82.780,902.000,16111.000,5.300,5.300,10.340,-0.450,-1.270,-1.470,-9.270,-11.950,9.070,-1.920,85.680,0.200,12.030,138.730,2.570
-109.900,31.430,180.000,101.000,-54.982,20.512,0.083,642.000,-59.800,19.020,8.730,49.430,-6.770,-69.260,0.190,71.520,902.000,101.000,0.290,0.290,5.680,6.640,2.400,-6.330,-8.100,2.130,8.100,0.300,78.400,0.110,5.460,147.130,2.780
-129.110,58.480,190.000,16104.000,-58.550,44.559,,,,,,,,,,,,,,,,,,,,,,,,,,,
-130.250,56.500,193.000,16101.000,-59.466,41.706,0.029,712.000,-61.710,41.570,2.330,29.140,5.880,-112.750,0.200,81.310,131.000,101.000,7.530,7.530,2.030,1.130,-2.280,-5.430,4.280,-93.690,-0.280,-4.270,37.230,0.030,0.320,102.770,2.480
-120.460,49.420,193.000,16102.000,-56.668,32.782,0.070,793.000,-61.210,34.010,3.230,-10.390,5.700,-141.850,0.200,114.300,131.000,101.000,0.100,24.150,3.180,-0.580,-4.480,-3.520,4.280,-108.010,-1.320,-4.070,44.810,0.050,1.450,117.270,2.480
-120.010,49.520,193.000,16102.000,-56.302,32.761,0.075,793.000,-61.210,34.010,3.230,-10.390,5.700,-141.850,0.200,114.300,131.000,101.000,0.100,24.150,3.180,-0.580,-4.480,-3.520,4.280,-108.010,-1.320,-4.070,44.810,0.050,1.450,117.270,2.480
-120.010,49.880,195.000,16107.000,-55.648,32.118,0.075,866.000,-60.590,33.280,3.210,8.630,5.710,-122.580,0.190,96.200,131.000,101.000,0.090,0.090,3.170,0.480,-3.080,-4.810,-4.310,-89.090,0.070,-4.310,42.980,0.050,0.310,114.600,2.480
-130.800,56.830,196.000,16101.000,-58.564,40.735,0.028,871.000,-60.710,40.600,2.280,29.770,5.890,-112.450,0.200,82.740,131.000,101.000,7.930,7.930,1.980,1.130,-2.250,-5.440,4.300,-94.020,-0.300,-4.290,33.650,0.030,0.610,103.880,2.470
-129.450,55.550,196.000,16101.000,-58.556,39.251,0.026,890.000,-60.450,39.020,2.470,27.390,5.860,-111.720,0.200,82.910,131.000,101.000,6.330,6.330,2.190,1.130,-2.170,-5.440,4.290,-90.180,-0.010,-4.290,33.930,0.030,2.040,117.900,2.500
-127.020,57.370,197.000,16102.000,-55.569,39.685,0.063,913.000,-60.250,39.340,2.370,28.530,5.870,-111.930,0.200,83.300,131.000,101.000,7.130,7.130,2.090,1.130,-2.190,-5.450,4.300,-91.900,-0.140,-4.300,32.560,0.030,1.590,115.020,2.490
-121.370,52.250,197.000,16102.000,-54.924,33.644,0.071,959.000,-59.770,34.240,2.970,9.310,5.770,-123.130,0.190,97.220,131.000,101.000,1.990,1.990,2.940,0.480,-3.150,-4.830,4.330,-93.250,-0.250,-4.320,37.790,0.040,0.790,115.860,2.480
-126.720,57.070,199.000,16102.000,-55.003,38.357,0.063,980.000,-59.560,38.020,2.420,27.950,5.860,-111.430,0.200,84.260,131.000,101.000,6.730,6.730,2.140,1.130,-2.140,-5.460,4.310,-90.520,-0.040,-4.310,32.020,0.030,0.080,112.200,2.480
-125.360,55.530,200.000,16113.000,-54.875,36.150,0.059,1027.000,-59.050,35.760,8.370,41.290,4.780,-110.220,0.200,84.830,131.000,101.000,4.940,4.940,6.290,5.520,-1.650,-4.490,-4.730,12.900,4.610,1.060,31.370,0.080,0.830,115.440,2.490
-126.730,57.230,201.000,16102.000,-54.405,37.582,0.064,961.000,-59.030,37.360,8.320,41.560,4.830,-111.710,0.200,85.190,131.000,101.000,6.930,6.930,6.230,5.520,-1.790,-4.490,-4.540,13.440,4.420,1.060,29.670,0.080,0.550,114.570,2.490
-126.670,57.200,202.000,16102.000,-54.171,37.120,0.064,986.000,-58.790,36.970,8.320,41.560,4.830,-111.680,0.200,85.690,131.000,101.000,6.930,6.930,6.230,5.520,-1.780,-4.490,-4.540,13.420,4.420,1.050,28.430,0.080,0.330,113.620,2.490
-120.990,50.500,203.000,16102.000,-54.432,29.224,0.067,989.000,-58.780,29.790,8.460,27.240,4.630,-120.040,0.190,99.710,131.000,101.000,0.090,0.090,7.520,3.870,-2.320,-4.010,-5.190,-1.230,5.180,-0.110,65.470,0.130,0.230,115.200,2.490
-120.980,50.480,203.000,16102.000,-54.436,29.203,0.067,989.000,-58.780,29.790,8.460,27.240,4.630,-120.040,0.190,99.710,131.000,101.000,0.090,0.090,7.520,3.870,-2.320,-4.010,-5.190,-1.230,5.180,-0.110,65.470,0.130,0.230,115.200,2.490
-130.340,57.740,205.000,16101.000,-55.213,37.402,0.041,1068.000,-58.200,37.380,8.280,41.800,4.870,-112.760,0.200,87.090,131.000,101.000,8.530,8.530,6.170,5.520,-1.880,-4.490,-4.390,13.860,4.270,1.050,77.700,0.120,7.600,136.030,2.530
-130.260,57.660,205.000,16101.000,-55.227,37.312,0.041,1069.000,-58.190,37.180,8.290,41.770,4.860,-112.610,0.200,87.100,131.000,101.000,8.330,8.330,6.180,5.520,-1.870,-4.490,-4.410,13.800,4.290,1.050,77.700,0.120,7.600,136.030,2.530
-130.290,57.760,205.000,16101.000,-55.171,37.403,0.042,1068.000,-58.200,37.380,8.280,41.800,4.870,-112.760,0.200,87.090,131.000,101.000,8.530,8.530,6.170,5.520,-1.880,-4.490,-4.390,13.860,4.270,1.050,77.700,0.120,7.600,136.030,2.530
-130.170,57.680,205.000,16101.000,-55.163,37.301,0.042,1069.000,-58.190,37.180,8.290,41.770,4.860,-112.610,0.200,87.100,131.000,101.000,8.330,8.330,6.180,5.520,-1.870,-4.490,-4.410,13.800,4.290,1.050,77.700,0.120,7.600,136.030,2.530
-117.500,38.330,207.000,178.000,-57.422,15.561,0.072,815.000,-61.510,14.390,8.470,54.150,-4.160,-80.130,0.200,73.320,131.000,101.000,8.280,8.280,4.960,6.870,0.710,-4.100,-6.300,26.230,5.650,2.780,33.000,0.060,0.000,97.840,2.390
-120.990,50.420,208.000,16102.000,-53.806,27.046,0.066,1108.000,-58.000,27.820,8.460,27.240,4.630,-119.870,0.190,101.940,131.000,101.000,0.090,0.090,7.520,3.870,-2.310,-4.010,-5.200,-1.300,5.200,-0.120,32.570,0.090,0.000,94.720,2.380
-120.940,50.510,208.000,16102.000,-53.726,27.109,0.067,1108.000,-58.000,27.820,8.460,27.240,4.630,-119.870,0.190,101.940,131.000,101.000,0.090,0.090,7.520,3.870,-2.310,-4.010,-5.200,-1.300,5.200,-0.120,32.570,0.090,0.000,94.720,2.380
-120.850,50.320,208.000,16102.000,-53.773,26.915,0.067,1108.000,-58.000,27.820,8.460,27.240,4.630,-119.870,0.190,101.940,131.000,101.000,0.090,0.090,7.520,3.870,-2.310,-4.010,-5.200,-1.300,5.200,-0.120,32.570,0.090,0.000,94.720,2.380
-120.990,50.540,208.000,16102.000,-53.740,27.151,0.067,1115.000,-57.960,28.010,8.450,27.250,4.640,-120.010,0.190,101.960,131.000,101.000,0.280,0.280,7.520,3.870,-2.320,-4.010,-5.180,-1.300,5.180,-0.120,32.570,0.090,0.000,94.720,2.380
-121.020,50.560,208.000,16102.000,-53.748,27.178,0.067,1115.000,-57.960,28.010,8.450,27.250,4.640,-120.010,0.190,101.960,131.000,101.000,0.280,0.280,7.520,3.870,-2.320,-4.010,-5.180,-1.300,5.180,-0.120,32.570,0.090,0.000,94.720,2.380
-120.990,50.430,208.000,16102.000,-53.801,27.055,0.066,1108.000,-58.000,27.820,8.460,27.240,4.630,-119.870,0.190,101.940,131.000,101.000,0.090,0.090,7.520,3.870,-2.310,-4.010,-5.200,-1.300,5.200,-0.120,32.570,0.090,0.000,94.720,2.380
-120.910,50.440,208.000,16102.000,-53.745,27.039,0.067,1108.000,-58.000,27.820,8.460,27.240,4.630,-119.870,0.190,101.940,131.000,101.000,0.090,0.090,7.520,3.870,-2.310,-4.010,-5.200,-1.300,5.200,-0.120,32.570,0.090,0.000,94.720,2.380
-121.040,50.450,208.000,16102.000,-53.821,27.088,0.066,1108.000,-58.000,27.820,8.460,27.240,4.630,-119.870,0.190,101.940,131.000,101.000,0.090,0.090,7.520,3.870,-2.310,-4.010,-5.200,-1.300,5.200,-0.120,32.570,0.090,0.000,94.720,2.380
-120.960,50.370,208.000,16102.000,-53.815,26.993,0.066,1108.000,-58.000,27.820,8.460,27.240,4.630,-119.870,0.190,101.940,131.000,101.000,0.090,0.090,7.520,3.870,-2.310,-4.010,-5.200,-1.300,5.200,-0.120,32.570,0.090,0.000,94.720,2.380
-120.960,50.380,208.000,16102.000,-53.809,27.002,0.066,1108.000,-58.000,27.820,8.460,27.240,4.630,-119.870,0.190,101.940,131.000,101.000,0.090,0.090,7.520,3.870,-2.310,-4.010,-5.200,-1.300,5.200,-0.120,32.570,0.090,0.000,94.720,2.380
-122.290,52.520,210.000,16113.000,-53.148,28.417,0.063,1314.000,-57.150,29.240,5.870,12.300,4.090,-123.950,0.190,103.080,131.000,101.000,2.370,2.370,5.740,1.250,-2.280,-3.390,-4.070,-31.660,3.470,-2.140,35.170,0.070,0.000,98.840,2.400
-121.050,50.490,210.000,16102.000,-53.566,26.277,0.066,1226.000,-57.720,27.030,5.580,12.950,4.010,-122.180,0.190,102.810,131.000,101.000,0.090,0.090,5.440,1.250,-2.130,-3.390,-3.950,-32.790,3.320,-2.140,32.980,0.070,0.000,95.380,2.380
-121.000,50.430,210.000,16102.000,-53.569,26.209,0.066,1226.000,-57.720,27.030,5.580,12.950,4.010,-122.180,0.190,102.810,131.000,101.000,0.090,0.090,5.440,1.250,-2.130,-3.390,-3.950,-32.790,3.320,-2.140,32.980,0.070,0.000,95.380,2.380
-131.880,58.240,218.000,16101.000,-53.121,33.298,0.036,1446.000,-55.560,33.400,6.660,25.300,4.260,-113.060,0.200,90.380,131.000,101.000,9.320,9.320,6.020,2.850,-1.670,-3.920,-4.490,-13.770,4.360,-1.070,33.910,0.080,0.000,96.800,2.480
-126.680,57.220,221.000,16102.000,-51.141,29.781,0.064,1459.000,-55.390,30.090,5.760,19.840,-2.290,-88.340,0.200,93.500,131.000,101.000,6.930,6.930,5.420,1.960,0.070,-2.290,-5.500,-3.510,5.490,-0.340,38.800,0.080,0.000,108.760,2.540
-130.990,57.360,222.000,16101.000,-53.135,31.187,0.033,1472.000,-55.320,31.280,5.850,19.540,-2.290,-87.550,0.200,93.430,131.000,101.000,8.330,8.330,5.510,1.960,0.100,-2.290,-5.630,-3.440,5.620,-0.340,37.330,0.080,0.000,166.640,2.530
